id,X_recoid_,X_someid_,X_firstname_,X_lastname_,X_gender_,X_birth_date_,X_email_,X_mnumber_,X_hnumber_,X_addr1_,X_addr2_,X_cityname_,X_postcode_,X_county_,X_nis_,X_b_year_,X_b_month_,X_b_day_,Weight,is_match
10560,194715,6.14E+17,Tyler Dickinson,Bins,male,5/21/1981,hyman51@yahoo.com,8127398438,2414633028,Apt. 252,Donnell Summit,Roseside,DD4 2CB,Nevada,AC3888524,81,5,21,,0
12482,93157,9.47E+17,Eugenia Weber,Heathcote,female,5/21/1981,larkin.maria@goyette.info,626972049,6327665397,Suite 147,Madonna Row,New Katrine,AA3 9CD,Wyoming,CC2999396,81,5,21,NA,
,,,,,,,,,,,,,,,,,,,,
1637,35713 C,5.62E+17,Prof. Adelia Grimes III,Tremblay,female,1/30/1990,,1735618249,433713299,Apt. 826,Kavon Alley,Pfannerstillville,DC4 4BC,Wisconsin,CD8224201,94,1,20,,0
6675,79330,2.34E+17,Merritt McDermott,Treutel,male,1/20/1994,tbradtke@hotmail.com,5769506469,105150628,Apt. 242,Heller Spring,Leannonbury,AC72 9CC,Wisconsin,CA2023445,94,1,20,NA,
,,,,,,,,,,,,,,,,,,,,
697,198258 D,5.75E+17,Elbert Bosco II,Adams,male,7/11/1988,mike.stark@schaden.com,2404595232,4734269249,Apt. 007,Bayer Grove,Fisherport,,Michigan,BA5492151,88,7,11,,0
6890,132543 D,2.22E+17,Miracle Hettinger,Zboncak,,7/11/1988,,8912133699,8345939397,Suite 258,Yost Hollow,New Paula,,California,BC0695669,88,7,11,NA,
,,,,,,,,,,,,,,,,,,,,
8544,177150 D,1.54E+17,Prof. Audie Stroman V,Kuhn,female,11/17/1975,tillman.lourdes@torphy.com,6386573248,7502005849,Suite 383,Krajcik Plaza,Brendonport,,Wisconsin,,75,11,17,,0
19723,1415 D,3.70E+17,Ryann Ortiz,Sauer,male,11/17/1975,arjun75@blanda.com,3755040786,9589139304,Suite 863,Lavinia Ports,,,Minnesota,,75,11,17,NA,
,,,,,,,,,,,,,,,,,,,,
6101,45247 D,4.29E+17,Greg Beer,Abbott,male,8/18/1986,norene.schuppe@yahoo.com,4124850830,6403554658,Apt. 129,Hilll Ports,Roselynchester,,Pennsylvania,CB6169790,86,8,18,,0
19147,57011,2.76E+17,Arvilla Ullrich,Cassin,female,8/18/1986,luz21@cassin.com,256914785,4626549525,Apt. 725,Eleanore Turnpike,Roxaneborough,,Pennsylvania,AB4227258,86,8,18,NA,
,,,,,,,,,,,,,,,,,,,,
6198,37021 C,6.66E+17,Mr. Zachariah Mertz,Senger,male,10/2/1980,v@esto.uor,1642959341,7954033805,Suite 286,Larson Burgs,Grantland,BD09 10BA,Iowa,AB5588283,92,1,17,,0
7074,182008,4.63E+17,Ruth Weimann,Lang,female,1/17/1992,abdullah39@hagenes.org,703352279,907105,Apt. 426,Moen Manors,Grantland,BB21 3BD,Maryland,BA4942621,92,1,17,NA,
,,,,,,,,,,,,,,,,,,,,
4187,160515,4.67E+17,Joy King,Gutkowski,female,7/21/1981,hayley.schmitt@gmail.com,179370129,3874669010,Apt. 539,,Bartellfurt,BD76 7CD,Arkansas,CC7990382,81,7,21,,0
9450,52453 D,4.64E+17,Brando Ryan,Koepp,,7/21/1981,glennie.emmerich@gmail.com,8386553463,9293050304,Suite 517,,East Percy,DA57 3CA,New York,DB0007764,81,7,21,NA,
,,,,,,,,,,,,,,,,,,,,
8818,128014 D,6.36E+17,Helmer Mills,Stamm,male,3/8/1985,romaguera.arch@homenick.net,8386362188,4146945491,,Larson Field,Antwonshire,,Delaware,CC8871061,85,3,8,,0
18659,152742,2.17E+17,Ayana Osinski,Daugherty,female,3/8/1985,,736573847,5193105418,,Grimes Club,East Eryn,BC6 22BD,Ohio,CB6399701,85,3,8,NA,
,,,,,,,,,,,,,,,,,,,,
2263,114774 D,8.13E+17,Arden Hoeger,Hermann,,9/11/1988,,7713011982,9419901108,Apt. 205,Ashtyn Landing,East Efren,BA1 27BB,Colorado,BB5822695,88,9,11,,0
9586,138032,8.98E+17,Leland Hickle,Lebsack,male,9/11/1988,,2208734264,5963340349,,Cassin Street,,DA8 88CD,Minnesota,BC2799559,88,9,11,NA,
,,,,,,,,,,,,,,,,,,,,
9920,108761,3.94E+17,Aida Corwin,Prohaska,female,6/22/1995,,9054003920,4659897219,Suite 267,Neal Brooks,West Delilahhaven,,Alaska,BB5452201,95,6,22,,0
15109,184249 D,7.44E+17,Janelle DuBuque,Herzog,,6/22/1995,,2295845457,704512489,Apt. 603,McCullough Island,Majormouth,,Maryland,CC4937150,95,6,22,NA,
,,,,,,,,,,,,,,,,,,,,
6313,122308,3.62E+17,Kamron Jones Jr.,Keeling,male,6/11/1997,iframi@schulist.com,8605538719,3500925576,Suite 877,Dickens Manor,New Otiliashire,BC63 36DD,Iowa,BD1306998,97,6,11,,0
10061,119862,6.94E+17,Prof. Daryl Mante,Wehner,male,6/11/1997,jdouglas@yahoo.com,6432777952,2773071424,Apt. 238,Mekhi Parkway,Port Kaden,BB94 89DD,Nevada,BB9726058,97,6,11,NA,
,,,,,,,,,,,,,,,,,,,,
1130,190308,8.47E+17,Darian O'Hara II,Leuschke,male,12/1/1992,kozey.friedrich@mcdermott.com,9265694476,3637364919,Suite 824,Rolfson Island,West Jorge,CD8 07AA,Maine,DA1334123,92,12,1,,0
17939,36505,3.28E+17,Jerod Walsh,DuBuque,male,12/1/1992,anabel87@huel.com,580306087,1815612534,Apt. 616,Jordan Village,New Jack,AA7 89DD,Maine,CC9764004,92,12,1,NA,
,,,,,,,,,,,,,,,,,,,,
7283,41814 D,6.27E+17,Mr. Henri Wyman,Crona,male,1/21/1975,lambert.buckridge@witting.com,2206342588,4351635035,Apt. 105,Volkman Rapid,West Gordon,,District of Columbia,,75,1,21,,0
17436,161079 D,1.76E+17,Garrison Reynolds III,Batz,male,1/21/1975,jones.myrtice@senger.com,6245287112,8536897049,Apt. 663,Noe Roads,Corwinhaven,,,DC3391242,75,1,21,NA,
,,,,,,,,,,,,,,,,,,,,
13182,102456 D,6.97E+17,Maybelle Brakus,Williamson,female,6/24/1981,consuelo.schmidt@hotmail.com,597020200,630607694,Apt. 984,Aaliyah Ridge,North Lizeth,,,,81,6,24,,0
15131,68712 D,7.19E+17,Mayra Sauer,Marquardt,female,6/24/1981,dorian25@grady.com,4539151689,1596487222,Apt. 171,Harry Hollow,,,Alaska,,81,6,24,NA,
,,,,,,,,,,,,,,,,,,,,
7468,14008 D,9.17E+17,Jessica Dooley,Fram,female,12/24/1997,rubye.beahan@steuber.com,1996694253,9198642076,Apt. 723,Roberto Prairie,New Kevenberg,,South Carolina,DC5898593,97,12,24,,0
18500,44898 D,2.43E+17,Miss Jacynthe Schroeder II,Gutkowsk,female,12/24/1997,uriah.schamberger@padberg.info,6991167366,3445556211,Suite 254,Smitham Villages,Watersfurt,,South Carolina,CB3241887,97,12,24,NA,
,,,,,,,,,,,,,,,,,,,,
10722,84360,9.15E+17,Lavinia Williamson,Miller,female,12/10/1990,camron.abshire@hotmail.com,8398617245,7542420511,Suite 260,Mitchell Cliff,,DD13 46AA,Rhode Island,BC5461140,90,12,10,,0
11757,28711,9.43E+17,Clara Pfeffer II,Wisozk,female,12/10/1990,werner.langworth@keeling.com,3007967188,954327437,Apt. 561,Klein Forge,,DC13 5AA,Ohio,CA1803104,90,12,10,NA,
,,,,,,,,,,,,,,,,,,,,
5475,114544 C,8.46E+17,Axel Heidenreich MD,Kassulke,male,4/4/1990,wiovyn@tjubw.meg,3828343769,2218961004,Suite 975,,Quitzonberg,AB9 36BB,Tennessee,DC5484082,70,10,17,,0
7616,11827,4.99E+17,Dax Vandervort,Quitzon,male,10/17/1970,reichel.estevan@mueller.net,2455183518,6772295595,Suite 618,,New Pauline,,Montana,BD5725350,70,10,17,NA,
,,,,,,,,,,,,,,,,,,,,
6657,191302,1.33E+17,Dr. Earl Bashirian Jr.,Lebsack,male,5/12/1970,jewel.mann@blick.com,9874999405,8686690235,Suite 649,,Lake America,AB22 3BA,Wisconsin,AB9068253,70,5,12,,0
10712,188053,6.76E+17,Cortez Williamson,Boyle,male,5/12/1970,isabelle06@monahan.org,9072932874,9233109253,Apt. 667,,Hammestown,AA5 96DB,Wisconsin,BB4287122,70,5,12,NA,
,,,,,,,,,,,,,,,,,,,,
937,8570 C,4.95E+17,Miss Meta Wisoky,Stamm,male,7/8/1986,g@rlkeudjpa.fqv,5164958752,6420472190,,Hintz Avenue,New Hilma,CC37 7BA,Wyoming,DD1803301,91,11,10,,0
2139,128620,2.74E+17,Karl Green,Robel,male,11/10/1991,white.kaci@yahoo.com,6884223117,8331253268,,Wisoky Shore,Kristyshire,BB6 20AC,Minnesota,BD6940365,91,11,10,NA,
,,,,,,,,,,,,,,,,,,,,
11648,105934,1.56E+17,Pascale Zieme,Lind,female,2/26/1992,evan.morissette@lynch.info,6956681115,9046092898,,Bergnaum Centers,East Dustymouth,BD0 1CA,Idaho,BA8052423,92,2,26,,0
19493,151055,9.29E+17,Joanie Sauer,Reynolds,female,2/26/1992,bryce.strosin@morissette.org,1881781125,7616991274,,Wyman Pike,Mooremouth,DA35 4AB,Idaho,DB6629984,92,2,26,NA,
,,,,,,,,,,,,,,,,,,,,
15326,12735 D,9.75E+17,Mrs. Kavon Lowe III,Hoeger,female,8/4/1971,lynch.annamarie@yahoo.com,9204670722,1356003385,,Waters Lights,South Tania,,New York,,71,8,4,,0
16520,100438,9.62E+17,Dr. Mazie Swift,McDermott,female,8/4/1971,kuhn.rose@yahoo.com,5095882041,2021925510,,Morissette Via,West Edaborough,,Nevada,CD2333188,71,8,4,NA,
,,,,,,,,,,,,,,,,,,,,
13916,138934,6.25E+17,Prof. Catherine Marks III,Kuhlman,female,1/19/1999,,9130634495,908427207,Apt. 312,Bergstrom Pine,East Fabianport,DB61 51DD,Massachusetts,BB1974379,99,1,19,,0
19345,70729 C,1.90E+17,Prof. Nasir Steuber,Durgan,female,3/11/1997,,7644582647,9628743893,Apt. 500,Green Ports,West Marjorie,BC12 6DA,Washington,AD2998402,99,1,19,NA,
,,,,,,,,,,,,,,,,,,,,
5131,79173,5.14E+17,Ms. Anne Hilpert,Weber,female,11/2/1987,bergstrom.kitty@sanford.com,2618907961,9311216205,Suite 647,Demetris Dale,Rickton,BA6 95DC,Idaho,BC7402600,87,11,2,,0
13199,86957 D,3.65E+17,Makayla Braun,Weber,,3/4/1974,lauretta.senger@beatty.com,9208848300,8719154285,Apt. 180,Mandy Dam,Lunaton,BD75 2DA,Georgia,DA8083093,74,3,4,NA,
,,,,,,,,,,,,,,,,,,,,
151,134373,1.87E+17,Addison Sawayn,Senger,female,9/4/1989,toy78@hotmail.com,2488823005,8749480507,Apt. 592,Herzog Walks,Sabrynaberg,AB1 6BB,Kansas,AC6827501,89,9,4,,0
1749,148106,3.67E+17,Ruben Metz,Senger,male,1/4/1971,erwin91@reilly.com,6818462422,6731881008,Suite 936,Mraz Spurs,South Anastasia,AA6 5BC,Massachusetts,CB3066010,71,1,4,NA,
,,,,,,,,,,,,,,,,,,,,
8752,39036 D,8.38E+17,Ms. Celestine Quigley,Shanahan,female,12/10/1984,wiza.deion@kshlerin.com,5253164652,3878628914,pt. 614,Alfonso Mission,Lake Aleen,BB1 98AC,Nebraska,DD0986657,84,12,10,,0
12419,62631,1.22E+17,Clair Bogan III,Shanahan,male,12/16/1971,lonie.johnston@hotmail.com,5395126637,3167602534,Apt. 999,Gerlach Knoll,Bauchland,CB4 47BA,Washington,DA5299849,71,12,16,NA,
,,,,,,,,,,,,,,,,,,,,
201,151234,7.13E+17,Frank Bernier,Kulas,male,1/10/1997,tarmstrong@yahoo.com,7882120853,174470083,Suite 657,Nina Mission,Bridgetport,DA15 8DA,New Jersey,CC5043864,97,1,10,,0
6354,63670,6.43E+17,Marjory Schiller,Kulas,female,1/10/1987,kertzmann.duncan@boyer.com,5635799631,8370273495,Suite 931,Halvorson Square,Wittingbury,BC84 8AD,Kansas,DA4523483,87,1,10,NA,
,,,,,,,,,,,,,,,,,,,,
7118,64039 C,1.57E+17,Samantha Beahan,Schneider,male,12/25/1975,kjuqtfhwb@jca.uan,5171788619,7807609622,Apt. 167,Rocky Island,New Henderson,BC51 66BB,Pennsylvania,AC8287935,73,5,11,,0
8448,49767,5.27E+17,Gracie Krajcik,Schneider,female,3/4/1973,lynch.gregorio@hilll.com,94328980,7308954284,Suite 288,Schaefer Loaf,Lake Justine,CA9 04BC,California,CD7375885,73,3,4,NA,
,,,,,,,,,,,,,,,,,,,,
6789,184635,6.85E+17,Birdie Hickle,Durgan,female,7/27/1994,kathryne17@marvin.info,3891755900,942703661,,Constance Path,Rudymouth,CD59 38DB,Vermont,CB0261550,94,7,27,,0
13018,152590,2.70E+17,Horace Konopelski,Durgan,male,9/27/1994,robyn.hackett@hotmail.com,8820047523,4613945720,Suite 196,Jacobson Center,East Hectortown,CD75 3DD,Arizona,BB0082064,94,9,27,NA,
,,,,,,,,,,,,,,,,,,,,
11024,120472 C,6.35E+17,Prof. Gage Casper DVM,Carter,female,2/28/1987,dnr@ciqvbpg.udq,4267587936,2159374047,Suite 146,Ebert Spur,Burdetteshire,AD34 26DB,Arkansas,CD0912184,94,12,4,,0
18541,106762,2.16E+17,Markus Hickle,Carter,male,12/10/1994,blemke@yahoo.com,6906142157,3094816677,Suite 725,Gerlach Village,Port Isabell,BA8 97BC,Connecticut,CC5638803,94,12,10,NA,
,,,,,,,,,,,,,,,,,,,,
4302,135064 D,9.87E+17,Zack Mohr,Wunsch,,6/29/1982,domenica22@hotmail.com,7561037325,602146276,Suite 334,Goyette Street,Wolffside,CA6 4BB,Tennessee,BB3069834,NA,NA,NA,,0
8550,27355,2.29E+17,Norberto Kreiger,Wunsch,male,2/9/1993,bgleichner@gmail.com,644967377,7249097433,,Nikki Row,Mrazfurt,DD8 7BA,,BD3217754,93,2,9,NA,
,,,,,,,,,,,,,,,,,,,,
14582,149259,8.23E+17,Woodrow Baumbach,Muller,male,1/1/1972,angel.cormier@gmail.com,4849033847,1556137431,Apt. 331,Maribel Roads,Bradleyhaven,BC6 18DA,New Mexico,AB9558134,72,1,1,,0
18325,15862,7.34E+17,Marian Kulas III,Muller,female,8/9/1993,dvolkman@hotmail.com,1553717517,3667974605,Suite 715,Gutmann Extensions,North Vincenzashire,AA8 8CD,New Mexico,CC3075129,93,8,9,NA,
,,,,,,,,,,,,,,,,,,,,
1465,31250,8.37E+17,Mr. Augustus Sipes,Schaefer,male,8/21/1996,schneider.coty@hotmail.com,2542176522,5397814791,Apt. 489,Marks Wells,Reillytown,,Tennessee,CB2395859,96,8,21,,0
16054,66124,8.96E+17,Fabiola Boehm V,Schaefer,female,6/21/1973,keshaun.ebert@gmail.com,4128438360,108872945,Apt. 292,Yasmine Circles,South Rosieland,AA8 75CD,Tennessee,AD3832543,73,6,21,NA,
,,,,,,,,,,,,,,,,,,,,
703,115735,5.72E+17,Tevin Homenick,Schinner,male,10/3/1993,cassandra31@will.com,4071957399,3312182878,Apt. 580,Mante Run,West Lelia,DB4 00BB,Colorado,CD3146013,93,10,3,,0
17371,55033 C,7.74E+17,Troy Becker,Schinner,female,10/12/1970,l@vpiur.pcb,1971585643,,Apt. 934,Padberg Drive,Port Lacey,BD1 21CD,Colorado,BD4402781,85,10,31,NA,
,,,,,,,,,,,,,,,,,,,,
1476,103471,4.84E+17,Ms. Lily Koelpin,Becker,female,9/20/1999,kuphal.brock@rodriguez.com,5869594042,2380451549,Apt. 025,Nikolaus Ranch,Port Coy,BA7 64AD,Tennessee,BB1382060,99,9,20,,0
3933,24405,6.45E+17,Sheridan Robel V,Becker,male,9/20/1977,emerson.ledner@gmail.com,9247899217,8935039343,Suite 984,Senger Wall,Beahanton,CA4 49DA,Tennessee,CB9524514,77,9,20,NA,
,,,,,,,,,,,,,,,,,,,,
7219,93414,5.44E+17,Mrs. Ernestina Grady DDS,Schiller,female,9/10/1971,russel.cremin@yahoo.com,4916655417,9094731232,Suite 697,Little Plain,Rennerbury,AA5 9BC,Delaware,AA4525748,71,9,10,,0
12015,38572,1.83E+17,Ted Ernser,Schiller,male,11/11/1971,rippin.camden@gmail.com,7647921827,469675306,Apt. 176,Alexane Glens,Estellefort,BD62 89DD,Delaware,AB4918383,71,11,11,NA,
,,,,,,,,,,,,,,,,,,,,
2370,28923 D,9.28E+17,Mrs. Roberta Walsh DDS,Baumbach,female,3/1/1975,daren.wolf@gmail.com,8205996365,9356672848,Suite 946,,Simonisside,CA9 73BB,,BC8825187,75,3,1,,0
3368,136673 D,3.80E+17,Joel Keebler,Baumbach,male,5/1/1975,ubrakus@hammes.com,5356438980,2628748580,Suite 547,Henderson Throughway,North Dominic,AB64 7BA,,DA1814226,75,5,1,NA,
,,,,,,,,,,,,,,,,,,,,
7522,179716,2.27E+17,Kristian Murray,Nikolaus,male,9/11/1974,daniel.brooklyn@yost.org,2014672035,2423550052,Suite 931,King Park,Alphonsofurt,CB23 75DD,Illinois,CC1520096,74,9,11,,0
7733,195951 D,6.85E+17,Maude Rau III,Nikolaus,,12/21/1986,qmraz@gmail.com,5789619127,5307374497,Suite 004,Pamela Shoal,Anaisside,DB97 8DD,Illinois,CB0589962,NA,NA,NA,NA,
,,,,,,,,,,,,,,,,,,,,
2379,105566 D,7.82E+17,Prof. Yasmine Heidenreich,Boyle,female,9/2/1997,nasir.harber@rau.info,2857254184,9699730629,Suite 803,Laisha Common,Port Skylar,,Oklahoma,,97,9,2,,0
19111,73715,6.75E+17,Cory Daniel IV,Boyle,male,12/23/1971,hilll.geraldine@gmail.com,6274858717,2589709374,Apt. 650,Stroman Rue,Zboncakmouth,,Washington,BC4237705,71,12,23,NA,
,,,,,,,,,,,,,,,,,,,,
5524,13215 D,5.21E+17,Verda Lehner,Bashirian,female,8/11/1970,scotty86@ohara.biz,9087985192,7228998225,Apt. 023,Jada Turnpike,West Garlandview,,Hawaii,,70,8,11,,0
6347,189072,1.33E+17,Garrison Armstrong,Bashirian,male,3/11/1979,kbatz@steuber.com,6257539419,1350716247,,Murazik Oval,Lockmanburgh,,Indiana,BD5760808,79,3,11,NA,
,,,,,,,,,,,,,,,,,,,,
10249,159023 D,5.74E+17,Mossie Aufderhar PhD,Kuhn,female,1/19/1975,hjohnston@yahoo.com,5448367900,3751321576,Apt. 228,Walker Ford,Kelliside,,Florida,,75,1,19,,0
12936,136728,1.50E+17,Dr. Arvid Yundt,Kuhn,male,1/6/1986,adalberto35@gmail.com,4312684711,,Apt. 777,Hand Walks,New Martyberg,,California,CC4917447,86,1,6,NA,
,,,,,,,,,,,,,,,,,,,,
5275,134226 D,4.36E+17,Aiden Mann,Frami,male,8/17/1986,mona.bednar@yahoo.com,4591344388,3560384446,Apt. 653,Carmelo Skyway,North Elsieton,,North Carolina,,86,8,17,,0
15208,182558,8.38E+17,Dr. Lexi Schumm Jr.,Frami,female,4/10/1986,wnader@yahoo.com,5145909885,4470740125,Apt. 730,Freida Common,Mullerport,,District of Columbia,DC9224311,86,4,10,NA,
,,,,,,,,,,,,,,,,,,,,
1740,125911 D,9.15E+17,Jaydon Krajcik MD,Breitenberg,male,10/12/1986,jack49@pouros.com,2688243962,4545712692,Apt. 583,Sanford Plain,Buckridgeborough,,Alaska,,86,10,12,,0
10515,191962,1.63E+17,Yadira Hettinger,Breitenberg,female,7/12/1986,,8765639270,7249264673,Suite 097,Edgardo Plaza,Rodgerside,,Michigan,DA7979577,86,7,12,NA,
,,,,,,,,,,,,,,,,,,,,
7971,36046 D,6.61E+17,Bernardo Jenkins Jr.,Fay,,12/1/1996,reinger.christian@blanda.org,6560253460,2749691570,Suite 639,Koepp Flat,Destintown,,Vermont,AD6926917,NA,NA,NA,,0
16009,4996 D,8.97E+17,Carlotta Grant,Fay,female,9/9/1971,deshawn.oreilly@hotmail.com,8047815593,5868934932,Apt. 361,Baumbach Street,Alexanefurt,,Alaska,,71,9,9,NA,
,,,,,,,,,,,,,,,,,,,,
11774,43138 D,3.82E+17,Sean Ankunding DVM,Kiehn,male,4/22/1986,mattie25@hotmail.com,8423565612,2087842129,Apt. 002,Crooks Loaf,Langside,,Iowa,,86,4,22,,0
15820,194031 D,2.78E+17,Miss Hildegard Vandervort,Kihn,female,9/27/1989,ngulgowski@gmail.com,5947351500,5839257056,Apt. 845,Kunde Light,Devonport,,Texas,,89,9,27,NA,
,,,,,,,,,,,,,,,,,,,,
5136,42636 D,2.80E+17,Prof. Kane Hoeger PhD,Kassulke,male,6/13/1994,blittel@hotmail.com,3915847983,147635783,Apt. 623,Dietrich View,Feestfurt,,Nebraska,,94,6,13,,0
15702,54449 D,2.74E+17,Ayana Torphy,Kassulke,female,8/13/1987,erich12@gmail.com,8982345483,1659585129,Apt. 735,Reyes Garden,Lake Creola,,District of Columbia,,87,8,13,NA,
,,,,,,,,,,,,,,,,,,,,
2542,116921 D,1.86E+17,Stephen Kreiger,Bartell,male,2/1/1971,ari86@gmail.com,7479538864,4681367369,Suite 336,Huels Junctions,Schoentown,,Idaho,,71,2,1,,0
18043,62132 D,5.91E+17,Miss Liliana Toy V,Bartell,female,2/12/1990,sanford.jefferey@feeney.com,424636188,3939684321,Suite 835,Matilda Grove,Cedrickton,,New Hampshire,,90,2,12,NA,
,,,,,,,,,,,,,,,,,,,,
4970,50420 D,8.76E+17,Norwood McKenzie Jr.,DuBuque,male,9/30/1975,zcasper@gmail.com,,5134629631,Suite 390,Petra Land,Lake Felicity,,Maine,,75,9,30,,0
19956,91344 D,5.74E+17,Ms. Katrine Glover,DuBuque,female,3/26/1975,baumbach.joany@murphy.com,116828641,6827921272,Apt. 273,Grant Garden,Sengerside,,Texas,,75,3,26,NA,
,,,,,,,,,,,,,,,,,,,,
3144,87703 D,5.74E+17,Mr. Gaston Oberbrunner,Littel,male,2/13/1998,kamron61@yahoo.com,7732009995,1985730703,Apt. 796,Thiel Well,New Raeganchester,,Ohio,,98,2,13,,0
15847,56228,3.20E+17,Mrs. Kaya Treutel,Littel,female,8/16/1989,zulauf.raphaelle@bechtelar.com,3193218893,5648727797,Suite 318,Kshlerin Mews,New Kenneth,,Ohio,DC1282767,89,8,16,NA,
,,,,,,,,,,,,,,,,,,,,
1341,83998,5.33E+17,Natasha Okuneva,Blanda,female,4/30/1978,lharvey@bogisich.com,4942106659,983290832,Apt. 274,Jarod Pass,Ratkeville,,Montana,DD8055826,78,4,30,,0
8472,153829 D,3.93E+17,Dr. Moises Bayer,Blanda,male,4/29/1982,abbie.schaefer@cole.biz,8834325980,,Apt. 306,Bartoletti Mountains,Frederikport,,Montana,CC7757644,82,4,29,NA,
,,,,,,,,,,,,,,,,,,,,
17017,187430 D,1.65E+17,Prof. Don Braun,Bode,male,11/25/1976,,3627246276,2541638816,Apt. 499,Langworth Squares,Ankundingbury,,West Virginia,,76,11,25,,0
17757,195045 D,6.56E+17,Dr. Thomas Heidenreich,Bode,,4/14/1975,nigel48@mccullough.com,5441734984,5798128984,,Malinda View,Sporermouth,,West Virginia,DB6700018,NA,NA,NA,NA,
,,,,,,,,,,,,,,,,,,,,
3749,26529 D,8.64E+17,Gerhard Volkman,Pagac,male,4/5/1987,zstamm@gmail.com,6759353490,1455672740,Suite 844,Lorenz Vista,Lake Kobehaven,,Idaho,,87,4,5,,0
17028,180151 D,6.92E+17,Maya Blanda,Pagac,female,8/16/1995,elouise.senger@bernhard.com,4462608164,9956303308,Suite 928,Daija Ways,North Joan,,Idaho,,95,8,16,NA,
,,,,,,,,,,,,,,,,,,,,
13169,15652 D,5.99E+17,Lilla Berge IV,Satterfield,female,3/19/1999,jennings.dibbert@wilderman.com,7635367502,6323499102,Apt. 914,Sincere Underpass,South Markton,,Idaho,,99,3,19,,0
13411,101570 D,4.66E+17,Adolfo Barton,Satterfield,male,8/19/1992,maximillia.reinger@yahoo.com,9459612528,1247842952,Apt. 083,Hayes Gardens,West Presleyfurt,,Idaho,,92,8,19,NA,
,,,,,,,,,,,,,,,,,,,,
26,118808 D,6.75E+17,Dr. Magnolia Bergnaum II,Kiehn,female,4/3/1980,catalina.sawayn@hoppe.com,9474494340,6748257460,Suite 563,Dare Hills,Lake Max,,Iowa,,80,4,3,,0
11774,43138 D,3.82E+17,Sean Ankunding DVM,Kiehn,male,4/22/1986,mattie25@hotmail.com,8423565612,2087842129,Apt. 002,Crooks Loaf,Langside,,Iowa,,86,4,22,NA,
,,,,,,,,,,,,,,,,,,,,
2854,33537 D,8.13E+17,Yadira Rolfson III,Bosc,female,9/27/1996,purdy.oma@hotmail.com,5979522703,3729661489,Apt. 355,Bailey Drive,,DA62 5DB,,AD0456830,96,9,27,,0
9973,185953 D,8.49E+17,Rhea Rodriguez,Bosc,,10/2/1987,glennie63@hotmail.com,7992874300,6439357434,Apt. 262,Jaskolski Garden,,DC33 5DA,Nevada,AB2333338,87,10,2,NA,
,,,,,,,,,,,,,,,,,,,,
8589,173322,7.15E+17,Kaden Wiegand,Beier,male,8/12/1993,wintheiser.kiel@yahoo.com,,7448176500,Suite 425,Stiedemann Crossroad,Leuschkeshire,AB18 08AD,Illinois,AB6782605,93,8,12,,0
13193,107133 D,2.18E+17,Camylle Hahn,Bayer,,7/12/1999,alessandra07@emmerich.com,2361759114,5127060950,Suite 883,Cronin Rapids,Leuschkeshire,AD46 39DB,Virginia,BA7646990,99,7,12,NA,
,,,,,,,,,,,,,,,,,,,,
6320,124282,3.62E+17,Elaina Treutel,Sporer,female,9/26/1994,ernesto95@mitchell.org,5702176181,9386857248,Suite 319,Renner Stream,,BA94 57BC,Nevada,BC7535750,94,9,26,,0
19789,76136,9.34E+17,Prof. Johann Cremin DDS,Sporer,male,9/2/1989,gbarrows@yahoo.com,9544446142,6859190353,Apt. 636,Una Rest,,AA54 26CA,Idaho,DC3659447,89,9,2,NA,
,,,,,,,,,,,,,,,,,,,,
11999,92125,9.85E+17,Dr. Aliya Kutch DDS,Baumbach,female,8/10/1975,phane@gmail.com,1542991141,7200568774,Apt. 315,Trevor Rapid,,DD14 16DD,District of Columbia,BD8468817,75,8,10,,0
17708,10050 D,1.46E+17,Jaylon Upton,Baumbach,male,8/10/1993,baby.murray@gmail.com,7169091509,2331641651,Apt. 884,Maureen Flat,,,Louisiana,,93,8,10,NA,
,,,,,,,,,,,,,,,,,,,,
965,160763,6.67E+17,Torrey Zulauf,Von,male,9/16/1975,,6011408367,5820629210,Suite 005,Schulist Cape,,CC31 77DD,Idaho,AA7098493,75,9,16,,0
9265,71203,8.57E+17,Sydnie Wyman,Von,female,2/14/1975,patrick.schamberger@hotmail.com,1269692579,2700468152,Apt. 280,Greenholt Ports,,CC0 8BC,North Carolina,AD2560911,75,2,14,NA,
,,,,,,,,,,,,,,,,,,,,
2547,29893,5.90E+17,Gardner Hills,Hyatt,male,7/21/1979,kayla04@hane.net,9104607401,9895991016,Suite 712,Cassandra Court,,BD85 0DC,Tennessee,DD9472811,79,7,21,,0
19434,85307 D,7.92E+17,Dr. Felipe Beatty II,Hyatt,,11/6/1987,lehner.tod@raynor.com,4139190033,4598056145,Apt. 232,Gaston Ranch,,CC7 4AA,New Hampshire,BC8157878,NA,NA,NA,NA,
,,,,,,,,,,,,,,,,,,,,
1700,173606,9.33E+17,Emma Thiel,Bernhard,female,9/28/1993,quigley.janice@hotmail.com,,5404132963,Apt. 386,Kertzmann Squares,,BD32 54BB,Pennsylvania,AA6773455,93,9,28,,0
12718,78611,8.38E+17,Jovani King,Bernhard,male,5/26/1975,yhand@yahoo.com,9251150209,390511371,Apt. 583,Sarah Run,,DD6 7CC,Pennsylvania,BD8281216,75,5,26,NA,
,,,,,,,,,,,,,,,,,,,,
7331,150910 C,1.97E+17,Ms. Guadalupe Braun,Nader,female,1/13/1993,odtgu@amdxulcoe.bps,6594839465,8554413625,,Jenifer Terrace,,BD4 35BB,Louisiana,BB8315974,80,1,28,,0
8095,66475,8.80E+17,Sylvan Johnson II,Nader,male,12/9/1980,magnus.mcclure@labadie.com,2082169695,5222036337,Apt. 281,Emile Camp,,,Louisiana,DD8171372,80,12,9,NA,
,,,,,,,,,,,,,,,,,,,,
13142,110760,5.15E+17,Mr. Gerard Miller II,Kuhn,male,6/4/1979,ryan.holly@gmail.com,5346723240,,Apt. 238,Quigley Mission,,,Wisconsin,BD7357924,79,6,4,,0
17630,97805 D,7.64E+17,Marian Weimann DVM,Kuhn,female,7/21/1982,aufderhar.jayden@yahoo.com,6750233013,7702172239,Apt. 589,Amara Squares,,,New Mexico,,82,7,21,NA,
,,,,,,,,,,,,,,,,,,,,
5363,116566,6.36E+17,Gonzalo Blanda,Legros,male,9/27/1980,fahey.antonetta@price.com,6535250790,246581192,Apt. 278,,,AA14 36CC,West Virginia,CC9418037,80,9,27,,0
7020,157909 D,4.75E+17,Jammie McClure V,Legros,female,8/29/1995,mireille.blick@hotmail.com,9395440502,877465277,Apt. 374,,Port Angelberg,,South Carolina,,95,8,29,NA,
,,,,,,,,,,,,,,,,,,,,
5551,185338,2.57E+17,Prof. Darian Bergstrom,Stiedemann,male,1/18/1997,marie15@mitchell.com,9952023049,6794112014,Apt. 753,,Hoegermouth,CA34 0AB,Florida,BB5275327,97,1,18,,0
9428,122893,9.36E+17,Viola Dicki,Stiedemann,female,12/18/1993,njohnston@ziemann.com,2007468836,1738181130,Apt. 426,,Tyriquestad,CD3 31AC,Idaho,AA2578612,93,12,18,NA,
,,,,,,,,,,,,,,,,,,,,
5754,122446 C,5.81E+17,Nick Zemlak,Luettgen,female,10/29/1990,mj@cstjumobd.hay,7646217436,1164809661,Apt. 040,,East Aniyahfort,BD06 82CD,Rhode Island,DD3870728,78,5,28,,0
14486,51246,1.84E+17,Olaf Kessler,Luettgen,male,5/7/1980,jovanny.cremin@gmail.com,6589285762,7244745884,Apt. 202,,West Stephanie,DB37 6CB,North Dakota,BA0574549,80,5,7,NA,
,,,,,,,,,,,,,,,,,,,,
1860,74222 D,9.95E+17,Akeem Kertzmann DDS,Mayer,,9/2/1981,jeff.rutherford@blick.com,7378676727,5563553860,Suite 033,,Schoenville,,Alabama,AA5348267,NA,NA,NA,,0
2055,188073,5.32E+17,Ayden Veum DVM,Mayer,male,1/24/1982,dedrick.dicki@gmail.com,5326616942,4021281004,Suite 423,,,DC14 3CA,Connecticut,BA4463613,82,1,24,NA,
,,,,,,,,,,,,,,,,,,,,
2157,5204,4.99E+17,Raymundo Bode MD,Zemlak,male,5/16/1974,nstokes@hotmail.com,1298621898,5701223740,Suite 541,,East Alessia,BC03 1CA,Oregon,DB9221164,74,5,16,,0
2853,187609 D,1.92E+17,Diamond Gulgowski,Zemlak,,4/23/1986,mose.moore@nitzsche.com,,7303311486,Suite 569,,South Sydnee,CC70 5AB,Oregon,BB5506917,86,4,23,NA,
,,,,,,,,,,,,,,,,,,,,
2636,63066,4.96E+17,Vernice Parisian DDS,Parisian,female,5/14/1987,sydni36@hotmail.com,4734170793,9761589739,Apt. 063,,Rosettabury,BA12 89BD,Alabama,BD9947673,87,5,14,,0
8823,31275 D,4.68E+17,Dr. Brain Hodkiewicz DVM,Parisian,,12/14/1979,dhowe@yahoo.com,2287375368,4098902400,Suite 292,,East Sister,CD3 47CC,Alabama,BB1885378,79,12,14,NA,
,,,,,,,,,,,,,,,,,,,,
12562,80095,8.25E+17,Danyka Hegmann,Bartoletti,female,4/4/1985,cole.rahul@will.net,5680301718,2291956933,Apt. 808,,West Ardellamouth,CD13 4BB,Arizona,DD0736727,85,4,4,,0
17590,106800,5.60E+17,Adolph Jerde II,Bartoletti,male,4/5/1990,,1414509633,9886940835,Suite 809,,,AD3 64BA,Arizona,DB3421424,90,4,5,NA,
,,,,,,,,,,,,,,,,,,,,
10245,41895 D,4.50E+17,Howard Feeney,Schamberger,male,10/25/1976,macy.legros@rutherford.net,3244355168,1456324116,Apt. 980,,McKenzieside,,New York,AA9148122,76,10,25,,0
17714,68514,6.11E+17,Vivien Kertzmann MD,Schamberger,female,4/22/1999,xwitting@yahoo.com,5113181600,7468288308,Apt. 095,,Deontaemouth,,Indiana,BA6458387,99,4,22,NA,
,,,,,,,,,,,,,,,,,,,,
6072,77312,4.30E+17,Dr. Magdalena Marks PhD,Williamson,female,9/26/1989,maymie.lueilwitz@goyette.com,9835432622,5679608367,Apt. 391,Hammes Parkway,,CD1 46BA,Minnesota,AC0750529,89,9,26,,0
13538,77312 C,7.39E+17,Vidal Langworth,Williamson,male,9/26/1989,x@ei.mso,9487583679,5679608367,,Hammes Parkway,Port Oletashire,CD1 46BA,Minnesota,AC0750529,71,3,25,NA,
,,,,,,,,,,,,,,,,,,,,
2272,27584 C,3.22E+17,Tyshawn Nienow,McDermott,female,7/9/1994,gdqya@kngoijpf.zli,4585716431,935005471,Apt. 851,Madaline Union,Fadelmouth,BA47 73CD,,DA6989215,84,10,15,,0
16051,27584,6.85E+17,Alexis Lehner,McDermott,male,7/9/1994,murazik.price@reilly.com,314348021,935005471,,Madaline Union,Fadelmouth,BA47 73CD,Arizona,DA6989215,94,7,9,NA,
,,,,,,,,,,,,,,,,,,,,
14994,191687,7.82E+17,Abner Aufderhar III,Littel,male,7/25/1988,marlon.jerde@rosenbaum.net,8673622523,8281188814,Suite 273,Eden Junctions,Lake Ezekiel,CB62 71AA,Vermont,BB7385692,88,7,25,,0
16225,191687 C,1.53E+17,Dr. Carol Johnston,Littel,female,7/25/1988,xgnwfeac@oiyw.zdn,3723929367,,,Eden Junctions,Lake Ezekiel,CB62 71AA,Vermont,BB7385692,85,9,6,NA,
,,,,,,,,,,,,,,,,,,,,
1090,152568,5.58E+17,Arnold Ward,Mueller,male,12/8/1974,rhea06@yahoo.com,7765494621,423117945,,Wilhelm Throughway,Port Craigborough,DC6 99BB,Pennsylvania,CB8518651,74,12,8,,0
11314,121334,7.95E+17,Ada Thompson,Mueller,female,11/14/1970,lfriesen@gottlieb.biz,9846885979,8500213534,,Johnston Unions,New Jeffmouth,DC47 18CA,Alabama,DB8388592,70,11,14,NA,
,,,,,,,,,,,,,,,,,,,,
12724,3323,1.69E+17,Myrtie Walter,Murphy,female,1/22/1995,odie.schaden@moen.net,5690264566,,Apt. 899,Gladys Streets,South Brandon,BC5 39AB,Connecticut,CC6008427,95,1,22,,0
19504,125870,5.85E+17,Dr. Brando Barton IV,Murphy,male,5/22/1986,kian51@hudson.net,4726758130,2150137305,Apt. 899,Stoltenberg Manor,Jeramietown,BA46 48DA,Delaware,AD0361460,86,5,22,NA,
,,,,,,,,,,,,,,,,,,,,
535,176873,7.41E+17,Mrs. Maryam Hansen,Raynor,female,8/13/1997,romaine.wolff@yahoo.com,7493865450,2136149575,,Kautzer Ridges,Elissaview,BA30 8AB,Minnesota,DB2339386,97,8,13,,0
7135,151330,9.16E+17,Saul Adams,Raynor,male,8/19/1987,zkuhn@gmail.com,6333148236,4797143817,,Maximilian Summit,,BA7 05DD,Indiana,CC1457610,87,8,19,NA,
,,,,,,,,,,,,,,,,,,,,
8350,13896,1.18E+17,Jayson Stoltenberg,Bartell,male,9/18/1992,lela.grimes@rogahn.org,1725032396,7709188866,,Emilio Forks,Port Ellen,BB70 74BD,Wyoming,BA6321870,92,9,18,,0
11190,194360 C,3.19E+17,Maegan Murazik,Bartell,female,4/24/1999,mnuqwsferi@tevujsyx.wrh,5875249465,9509132934,,Johnson Squares,Elinorshire,CB1 83AB,North Dakota,CA3229161,83,9,18,NA,
,,,,,,,,,,,,,,,,,,,,
520,41329 D,4.70E+17,Beulah Treutel MD,Padberg,female,9/6/1979,gmohr@kovacek.com,2095787012,,,Viviane Grove,North Abbychester,AC3 4AA,Pennsylvania,BC1191806,79,9,6,,0
14287,79287,3.37E+17,Rasheed Fisher,Padberg,male,6/7/1979,hodkiewicz.maybell@gmail.com,1515404328,50023098,,Caitlyn Trace,Naomieborough,BA36 3BB,Wisconsin,BB9150827,79,6,7,NA,
,,,,,,,,,,,,,,,,,,,,
8349,36945,4.23E+17,Wendy Mohr,Johnson,female,3/12/1984,bernie08@rogahn.com,5191191905,4720893787,,Osinski Place,Wardmouth,AB98 7AA,District of Columbia,CC4253430,84,3,12,,0
18201,137642,5.24E+17,Dr. Everett Rice,Johnson,male,9/12/1984,wthompson@hotmail.com,274227066,9341114008,,Jacobi Orchard,Port Kaleyland,BD86 7CA,Maryland,BC9236373,84,9,12,NA,
,,,,,,,,,,,,,,,,,,,,
11657,131229 D,7.16E+17,Vito Strack,Bode,male,12/11/1992,ambrose00@lehner.biz,,673121289,,Emard Curve,South Terrillshire,BA71 25AC,Connecticut,DC7876484,92,12,11,,0
17757,195045 D,6.56E+17,Dr. Thomas Heidenreich,Bode,,4/14/1975,nigel48@mccullough.com,5441734984,5798128984,,Malinda View,Sporermouth,,West Virginia,DB6700018,NA,NA,NA,NA,
,,,,,,,,,,,,,,,,,,,,
1784,106552 D,4.88E+17,Cierra Little,Daniel,female,10/15/1988,dgreenholt@gmail.com,5398165169,3101889619,,Dickinson Springs,Kaitlintown,CC5 5AC,,BB6691609,88,10,15,,0
15496,157232 D,2.55E+17,Jefferey Goldner,Daniel,male,2/7/1972,nicholaus88@hotmail.com,5406375359,7681644187,,Little Squares,Port Eulaside,BC04 9DA,,BD9542444,72,2,7,NA,
,,,,,,,,,,,,,,,,,,,,
7611,53615,1.49E+17,Caitlyn Eichmann,Waters,female,4/13/1970,taylor28@morissette.biz,8537500448,6074401342,,Elenora Knoll,Monahanhaven,,West Virginia,DD0303354,70,4,13,,0
14145,19143 D,9.57E+17,Jalen O'Connell,Waters,male,8/22/1995,stefan85@weimann.com,9895283674,9492825325,,Ollie Rapids,Boehmport,,Iowa,,95,8,22,NA,
,,,,,,,,,,,,,,,,,,,,
1910,138843 D,8.75E+17,Prof. Clementina Cummerata MD,Altenwerth,female,12/27/1983,kirsten.witting@gmail.com,6279212345,584368656,,Florian Park,Eleazarland,,Virginia,DC2770322,83,12,27,,0
8552,171737 D,4.63E+17,Dejon Nikolaus,Altenwerth,male,12/23/1976,octavia79@williamson.net,2539622498,252257573,,Katrina Stravenue,New Vincenzohaven,,Colorado,AC0267374,76,12,23,NA,
,,,,,,,,,,,,,,,,,,,,
11579,45298,6.15E+17,Kayden Brekke III,Klein,male,5/1/1983,amie39@gmail.com,3791653851,3560582465,,Kautzer Views,South Germanburgh,,South Carolina,DA2765344,83,5,1,,0
17352,135559 D,8.29E+17,Megane O'Keefe,Klein,female,1/20/1974,taya.fisher@boyer.biz,6943167669,3756361645,,Magnus Road,South Reubenshire,,South Carolina,,74,1,20,NA,
,,,,,,,,,,,,,,,,,,,,
8517,163560,4.24E+17,Jessy Aufderhar,Wisozk,male,3/12/1993,waelchi.sean@kiehn.com,6763396309,3303126947,Apt. 301,Gulgowski Islands,,AC1 0AA,Ohio,CA6128721,93,3,12,,0
14960,163560 C,5.71E+17,Ms. Alysha Botsford,Wisozk,female,3/12/1993,oemqytzau@t.crv,3523254259,3303126947,Apt. 301,,East Mayra,AC1 0AA,Ohio,CA6128721,80,8,4,NA,
,,,,,,,,,,,,,,,,,,,,
2977,167047,8.49E+17,Brandy Quigley II,Zieme,female,12/12/1987,rosalia08@dickinson.com,4455248886,7527284683,,Brown Rue,,CD33 2CD,Arizona,AD6459031,87,12,12,,0
14240,22999 D,9.32E+17,Porter Klock,Zieme,male,4/2/1977,zdaugherty@gmail.com,1920380182,9411068095,,Hudson Hills,,AC04 8AD,Kansas,BD1118063,77,4,2,NA,
,,,,,,,,,,,,,,,,,,,,
4661,153991,4.62E+17,Keaton Stokes PhD,Moen,male,4/18/1986,bradtke.friedrich@watsica.biz,169793087,7596476882,Suite 751,Abernathy Lane,Modestofort,AD4 8CB,Tennessee,DC8833988,86,4,18,,0
15759,153991 C,4.45E+17,Elvie Upton,Moen,female,4/18/1986,tdkjxpn@qfhuekmnob.ycp,9237923958,7596476882,Suite 751,,Modestofort,AD4 8CB,Tennessee,DC8833988,99,8,22,NA,
,,,,,,,,,,,,,,,,,,,,
5548,172076 C,7.85E+17,Ahmad Kautzer,Bayer,male,2/21/1995,,8613512493,2644009286,Apt. 683,Maggio Glens,South Terryton,AC37 42BC,North Dakota,AC8281351,99,2,28,,0
11963,172076,8.94E+17,Allie Bruen,Bayer,female,2/21/1995,javier.pfeffer@gmail.com,,2644009286,Apt. 683,,South Terryton,AC37 42BC,North Dakota,AC8281351,95,2,21,NA,
,,,,,,,,,,,,,,,,,,,,
4659,110826 C,2.17E+17,Ms. Bessie Leannon,Dibbert,male,11/22/1971,tplkqe@nehb.fua,2359253258,2667389618,Suite 049,Bins Avenue,,DC1 5BC,Vermont,DA1826367,96,2,29,,0
19618,110826,7.93E+17,Anne Greenfelder,Dibbert,female,11/22/1971,ardella49@towne.com,6705001834,,Suite 049,Bins Avenue,North Ernie,DC1 5BC,Vermont,DA1826367,71,11,22,NA,
,,,,,,,,,,,,,,,,,,,,
9798,142949,4.38E+17,Mckayla Stanton DDS,Cole,female,6/4/1987,oconner.cade@lowe.biz,379969850,4817197205,Apt. 346,Lindgren Dale,,BB57 76BD,Florida,DD4347708,87,6,4,,0
16794,142949 C,5.24E+17,Ms. Modesta Kertzmann,Cole,male,6/4/1987,jegr@kj.gqc,2346878247,4817197205,Apt. 346,Lindgren Dale,West Lambertville,BB57 76BD,Florida,DD4347708,78,6,12,NA,
,,,,,,,,,,,,,,,,,,,,
4903,170210 C,4.72E+17,Bert Ferry,Hansen,male,7/17/1978,kmqrxjyhuw@ghfvwd.yst,2791744518,9341014534,Apt. 156,Wisozk Locks,West Prince,,,CB5638733,74,9,21,,0
17398,170210,1.59E+17,Alexa Hilpert,Hansen,female,7/17/1978,jamarcus.eichmann@prohaska.com,8624724048,9341014534,Apt. 156,Wisozk Locks,West Prince,CD03 68CA,Illinois,CB5638733,78,7,17,NA,
,,,,,,,,,,,,,,,,,,,,
13185,109658,1.63E+17,Jaleel Morar,Mueller,male,12/26/1984,kyra28@yahoo.com,2905611784,5166552221,Suite 251,Lee Locks,Swiftport,CA51 6DB,Utah,DD1128392,84,12,26,,0
16541,109658 C,4.79E+17,Dr. Mellie Pagac,Mueller,female,12/26/1984,lc@mhqtkrzoj.cie,1493978293,5166552221,Suite 251,Lee Locks,Swiftport,,Utah,DD1128392,71,6,9,NA,
,,,,,,,,,,,,,,,,,,,,
6254,169145 C,9.12E+17,Eloisa Roberts,Treutel,male,6/12/1984,,7543184761,2327925487,Suite 199,Lupe Estate,Ankundingfurt,,Illinois,CC4511964,92,6,30,,0
17851,169145,1.82E+17,Rosalind Kunde,Treutel,female,6/12/1984,alba91@hotmail.com,52131216,2327925487,Suite 199,Lupe Estate,Ankundingfurt,AB23 17DB,Illinois,CC4511964,84,6,12,NA,
,,,,,,,,,,,,,,,,,,,,
117,99812 C,7.72E+17,Freeman Wuckert DVM,Rath,female,1/27/1974,tucskgd@rxnciszbyp.lvt,6853611327,5947239522,Suite 294,Mills Union,Abdulville,AD73 24CC,North Carolina,CC2385361,75,8,1,,0
13817,99812,2.66E+17,Lavon Ziemann,Rath,male,1/27/1974,kenny.mann@bogan.net,7049225521,5947239522,Suite 294,Mills Union,Abdulville,AD73 24CC,,CC2385361,74,1,27,NA,
,,,,,,,,,,,,,,,,,,,,
1637,35713 C,5.62E+17,Prof. Adelia Grimes III,Tremblay,female,1/30/1990,,1735618249,433713299,Apt. 826,Kavon Alley,Pfannerstillville,DC4 4BC,Wisconsin,CD8224201,94,1,20,,0
13356,35713,8.67E+17,Prof. Chadd Orn DVM,Tremblay,male,1/30/1990,mohr.nelson@maggio.com,4172704235,433713299,Apt. 826,Kavon Alley,Pfannerstillville,DC4 4BC,,CD8224201,90,1,30,NA,
,,,,,,,,,,,,,,,,,,,,
4217,834 C,5.43E+17,Prof. Santos Balistreri,Connelly,male,6/19/1990,dksbzjeh@uwfmiz.job,3425931428,8962732851,Suite 198,Sporer Drive,Kaciefurt,CD5 57BB,West Virginia,AD4743121,83,11,11,,0
11435,834,2.79E+17,Lyda Mann,Connelly,female,6/19/1990,jo70@mcglynn.com,602183317,8962732851,Suite 198,Sporer Drive,Kaciefurt,CD5 57BB,West Virginia,AD4743121,90,6,19,NA,
,,,,,,,,,,,,,,,,,,,,
5630,159216,3.16E+17,Anita Adams,Ruecker,female,4/6/1979,xfarrell@gmail.com,1559915337,212543693,Apt. 094,Larissa Tunnel,Port Agustin,BC76 35CB,New Hampshire,AB6409716,79,4,6,,0
18455,159216 C,5.53E+17,Stephen Haley IV,Ruecker,male,4/6/1979,ykzm@ds.jod,6138633972,212543693,Apt. 094,Larissa Tunnel,Port Agustin,BC76 35CB,New Hampshire,AB6409716,89,11,6,NA,
,,,,,,,,,,,,,,,,,,,,
15695,58567,4.19E+17,Naomie Koch PhD,Marvin,female,10/20/1971,jayce39@hotmail.com,9296636053,470411703,Apt. 141,Jarrett Keys,Jamalville,AD9 51DD,New Jersey,BB9691698,71,10,20,,0
16605,58567 C,1.46E+17,Jamie Howe,Marvin,male,10/20/1971,ny@bfmje.rva,1789244329,470411703,Apt. 141,Jarrett Keys,Jamalville,AD9 51DD,New Jersey,BB9691698,79,10,25,NA,
,,,,,,,,,,,,,,,,,,,,
6870,163693,9.63E+17,Roosevelt Skiles,Schumm,male,6/10/1998,lhettinger@hotmail.com,852507805,8328665585,Suite 521,Hilpert Junctions,West Colin,BA37 40DA,Arizona,BA7489944,98,6,10,,0
19077,163693 C,1.88E+17,Mr. Fidel Kemmer Jr.,Schumm,female,6/10/1998,fqsczr@epk.gpt,6952467294,8328665585,Suite 521,Hilpert Junctions,West Colin,BA37 40DA,Arizona,BA7489944,98,5,30,NA,
,,,,,,,,,,,,,,,,,,,,
8440,121254,2.16E+17,Prof. Paul Dickens,Hintz,male,4/19/1970,,223273767,3133210946,,Brody Pike,,DC9 60BC,Louisiana,AD7376909,70,4,19,,0
18854,125125,7.73E+17,Alize Goyette,Hintz,female,12/27/1975,,9914190423,5680976415,Apt. 350,Glover Shores,Flatleychester,AC42 61DA,Ohio,AA9504848,75,12,27,NA,
,,,,,,,,,,,,,,,,,,,,
11155,73040,9.73E+17,Prof. Presley Oberbrunner,Swift,male,6/10/1995,,3612088597,8487844841,Suite 402,Leo Groves,Arvelchester,BC08 4BA,Delaware,DA8309784,95,6,10,,0
11865,5667,2.27E+17,Dr. Catharine Bernhard,Swift,female,7/10/1997,,1831452307,3230699606,Suite 701,Tabitha Station,South Clovismouth,CC0 4DD,Hawaii,BA3406062,97,7,10,NA,
,,,,,,,,,,,,,,,,,,,,
514,183865,1.89E+17,Dr. Kelvin Bergstrom,Walker,male,11/8/1991,,5695551584,8003478390,Apt. 895,Zane Road,Stephanbury,DA66 37BC,New Hampshire,DD1204002,91,11,8,,0
1529,139254,7.42E+17,Wilma Kilback,Walker,female,11/10/1978,,552110591,8099384381,,Rudy Stream,Aurelioshire,CB3 62AB,Iowa,CC9450823,78,11,10,NA,
,,,,,,,,,,,,,,,,,,,,
2749,129084,2.11E+17,Prof. Cydney Feeney IV,Haag,female,11/19/1978,,5471989950,250891540,Apt. 181,Heidenreich Rapids,North Jaiden,BB58 5DD,Tennessee,DD5013344,78,11,19,,0
6038,183820 C,1.97E+17,Harold Romaguera,Haag,male,3/2/1971,,3867653167,5489264526,Suite 357,Erdman Path,Vestamouth,BD15 83DB,Maine,CA2441827,78,2,28,NA,
,,,,,,,,,,,,,,,,,,,,
6890,132543 D,2.22E+17,Miracle Hettinger,Zboncak,,7/11/1988,,8912133699,8345939397,Suite 258,Yost Hollow,New Paula,,California,BC0695669,88,7,11,,0
16228,3206,9.95E+17,Jaylon Carroll,Zboncak,male,4/5/1977,,6423361476,1106217787,Suite 905,Tara Wall,New Mack,AB8 0AB,California,BC6228704,77,4,5,NA,
,,,,,,,,,,,,,,,,,,,,
2907,148985,3.99E+17,Miss Mona Harris,Schroeder,female,5/12/1986,,5700389320,3512005505,Suite 487,Runolfsson Freeway,Port Hannahfurt,DC2 18DC,Tennessee,AB0698342,86,5,12,,0
19832,182594,3.87E+17,Ellsworth Doyle,Schroeder,male,1/12/1985,,7088308513,6560442809,Suite 930,Mante Spurs,Port Madalineburgh,BD5 33CD,Tennessee,AD4187277,85,1,12,NA,
,,,,,,,,,,,,,,,,,,,,
1529,139254,7.42E+17,Wilma Kilback,Walker,female,11/10/1978,,552110591,8099384381,,Rudy Stream,Aurelioshire,CB3 62AB,Iowa,CC9450823,78,11,10,,0
14809,41211,6.50E+17,Mekhi Gusikowski V,Walker,male,1/24/1978,,3452229571,8982883038,Apt. 248,Coty Mall,Crooksfort,BD02 5BA,Iowa,BA1997546,78,1,24,NA,
,,,,,,,,,,,,,,,,,,,,
9920,108761,3.94E+17,Aida Corwin,Prohaska,female,6/22/1995,,9054003920,4659897219,Suite 267,Neal Brooks,West Delilahhaven,,Alaska,BB5452201,95,6,22,,0
19729,151660,1.55E+17,Hazle Blanda III,Prohaska,male,10/20/1993,,6306876554,1539920201,Suite 866,Dicki Keys,Rachelshire,,Idaho,DB1549158,93,10,20,NA,
,,,,,,,,,,,,,,,,,,,,
2856,69026,4.81E+17,Mr. Armando Buckridge PhD,Abernathy,male,3/7/1985,,4913935607,2619453714,Suite 165,Lon Lock,,CC00 95BB,Ohio,DB9860570,85,3,7,,0
9181,15667,8.43E+17,Claire Skiles III,Abernathy,female,5/25/1987,,4095245340,8494336089,Suite 961,Jayme Point,,DD3 24AB,Alaska,BD5959333,87,5,25,NA,
,,,,,,,,,,,,,,,,,,,,
1098,7292,8.57E+17,Prof. Soledad Mayer,Streich,male,8/19/1972,stokes.scarlett@yahoo.com,6548779547,3583191624,Apt. 672,Gleichner Station,Runolfssonfurt,DC8 16AB,Montana,BC4743965,72,8,19,,0
12725,51346 D,3.12E+17,Louie Cassin,Streich,male,12/8/1983,tgleichner@gmail.com,6108079195,9257097914,Suite 126,Douglas Cliff,Lake Horacio,,Maryland,,83,12,8,NA,
,,,,,,,,,,,,,,,,,,,,
12228,80325,2.73E+17,Mr. Everardo Donnelly V,Bogisich,male,2/28/1993,walsh.roslyn@hotmail.com,1126885185,3051041418,Apt. 444,Meaghan Flat,East Creola,CC3 8CB,Delaware,AA2981228,93,2,28,,0
14808,105838 D,7.36E+17,Marley Rice,Bogisich,male,5/28/1983,joesph.marvin@yahoo.com,5903478053,8032235578,Apt. 336,Marianne Forks,New Adonisborough,,Indiana,,83,5,28,NA,
,,,,,,,,,,,,,,,,,,,,
1905,174052,3.39E+17,Miss Meghan Mante,Cartwright,female,7/19/1995,,2591810876,7013859392,Apt. 812,Mercedes Divide,Joseview,AA5 3DC,District of Columbia,DC0262600,95,7,19,,0
19746,23246,8.64E+17,Bettye Kuhlman,Cartwright,female,7/4/1975,pattie95@gmail.com,4605778213,1098009762,Suite 436,Shanahan Corners,Kuhlmanfurt,BD06 4AD,Arizona,AB2419705,75,7,4,NA,
,,,,,,,,,,,,,,,,,,,,
3765,180919,5.76E+17,Amira Paucek Jr.,Stiedemann,female,12/18/1991,tzboncak@gmail.com,,5024891761,Suite 587,Rau Turnpike,,DD41 2DD,Mississippi,AB5490493,91,12,18,,0
9428,122893,9.36E+17,Viola Dicki,Stiedemann,female,12/18/1993,njohnston@ziemann.com,2007468836,1738181130,Apt. 426,,Tyriquestad,CD3 31AC,Idaho,AA2578612,93,12,18,NA,
,,,,,,,,,,,,,,,,,,,,
139,43375,6.25E+17,Erika Buckridge,Wehner,female,12/21/1980,jerde.stephanie@dibbert.org,8937949821,2079230534,Apt. 275,Walsh Overpass,New Briaview,AA3 89DD,Louisiana,AC3667100,80,12,21,,0
8774,137785,8.49E+17,Lupe Graham,Wehner,female,7/19/1980,wolff.monserrat@moen.org,9082540317,6416344825,Suite 765,Johann Islands,Rodtown,CA29 5DC,Montana,AB4921613,80,7,19,NA,
,,,,,,,,,,,,,,,,,,,,
9063,195072,2.16E+17,Dr. Lauryn Sauer V,Brekke,female,9/22/1997,lkautzer@yahoo.com,6081593688,3341238551,,Hailee Tunnel,North Robertotown,DC9 37CA,Montana,CD5862851,97,9,22,,0
14852,62080,4.32E+17,Miss Erna Bogan DVM,Brekke,female,7/22/1997,mariane72@hotmail.com,4101829074,5620368507,Suite 626,Muller Courts,North Martine,AB02 4BA,Ohio,CD7953592,97,7,22,NA,
,,,,,,,,,,,,,,,,,,,,
2080,12673,8.88E+17,Madge Greenholt,Kozey,female,10/28/1973,chelsie.zulauf@kilback.com,8068406830,9942906327,,Bart Trail,,CD80 74DC,New York,DC3325832,73,10,28,,0
8751,85031,4.64E+17,Miss Amya Hahn,Kozey,female,10/23/1973,lamont95@emard.com,2966842041,9556536513,Suite 495,McClure Union,McDermotthaven,CA05 1AB,Illinois,AC6956469,73,10,23,NA,
,,,,,,,,,,,,,,,,,,,,
12170,99328 D,5.35E+17,Nellie Windler,Hegmann,,7/25/1978,marcelo23@will.com,2288947834,6117612179,Suite 612,Watsica Track,Kaceyview,AC49 52DB,California,CA0193045,NA,NA,NA,,0
14774,123556 D,6.68E+17,Michaela Schultz,Hegmann,,1/2/1971,cletus.nitzsche@hotmail.com,9895261060,7911882696,Apt. 552,Kellie Passage,Lake Tierrahaven,BD44 0AD,Delaware,AD7050152,NA,NA,NA,NA,
,,,,,,,,,,,,,,,,,,,,
2062,176951,6.91E+17,Reginald Zieme,Erdman,male,1/14/1992,lbahringer@hotmail.com,2858514397,9011655784,Apt. 983,Carter Ports,Lake Forrest,AA62 55BB,Virginia,DA7045726,92,1,14,,0
18547,50776 C,5.27E+17,Gilbert Price MD,Erdman,male,3/6/1983,rkte@esypfrgha.fwc,1933425634,6669857339,Suite 589,Loyal Road,Turcottestad,CD17 4AD,Virginia,BC8814949,72,11,21,NA,
,,,,,,,,,,,,,,,,,,,,
802,28564,1.32E+17,Mr. Kayley Heaney II,Douglas,male,6/20/1975,fmoore@schmeler.net,7931727107,8468507209,Suite 388,Lauren Gardens,North Alfordfurt,CC1 9DC,Nebraska,CC0460726,75,6,20,,0
14358,189689,7.16E+17,Ambrose Predovic,Douglas,male,5/20/1996,heller.maudie@gmail.com,5936260326,7417672525,Apt. 904,Wanda Garden,Lake Alfstad,DA9 07BC,Nebraska,AA2249460,96,5,20,NA,
,,,,,,,,,,,,,,,,,,,,
5346,176078,9.13E+17,Jeffrey Harber,D'Amore,male,4/3/1981,ychristiansen@lesch.net,8432348141,7136620133,Suite 672,Isaac Coves,East Erniemouth,DD3 93AA,Vermont,AC8425205,81,4,3,,0
8747,80629,2.53E+17,Prof. Travis DuBuque II,D'Amore,male,4/18/1996,,3765493631,390790934,Apt. 288,Becker Mountain,Javonfurt,CD01 45DA,Vermont,AA1285088,96,4,18,NA,
,,,,,,,,,,,,,,,,,,,,
18574,163842 C,3.82E+17,Prof. Alice Hessel II,Pacocha,male,8/23/1973,kzotrqf@unmdreflxh.xep,1293643174,8712819262,Suite 273,Gayle Mews,Jeffereystad,AA2 8DD,Virginia,CD4009241,76,8,13,,0
19668,107011,2.88E+17,Barney Larson V,Pacocha,male,8/13/1980,krystal.ledner@hotmail.com,2864784912,7424040567,Suite 210,Joaquin Point,New Myronhaven,CD8 78CB,Virginia,CB2109170,80,8,13,NA,
,,,,,,,,,,,,,,,,,,,,
4653,104024,5.73E+17,Xzavier Wiegand II,Bailey,male,5/18/1985,casandra40@glover.com,7853780012,9062908818,,Ottis Forks,Tessstad,BB25 5BB,New Hampshire,BB3523293,85,5,18,,0
19606,169853,8.51E+17,Dr. Darrion Reynolds,Bailey,male,3/27/1985,lwalter@hotmail.com,6877279561,5373019137,Suite 349,Mitchel Mountain,West Amari,DA7 8CA,New Hampshire,BC7260570,85,3,27,NA,
,,,,,,,,,,,,,,,,,,,,
1393,52493,7.94E+17,Jackson Lang,Moen,male,4/15/1998,rafael50@wilderman.com,682792895,7588255473,Suite 768,Mckayla Meadow,Port Lexus,DC78 1AD,Utah,BA7765192,98,4,15,,0
7529,198647,3.54E+17,Gerald Halvorson,Moen,male,3/15/1998,qgoodwin@bergnaum.com,6353544683,3306343891,Suite 058,Brycen Tunnel,West Bridgetburgh,AB48 1CC,Utah,DC4516131,98,3,15,NA,
,,,,,,,,,,,,,,,,,,,,
1662,65312 C,3.58E+17,Cassidy Mitchell II,Zieme,female,12/12/1994,hxu@qukvsze.hgd,8412756125,4514978847,Apt. 539,Muhammad Islands,Carlottaborough,BB46 95CB,Utah,CD2933230,70,8,26,,0
10757,37381,8.37E+17,Miss Libbie Feil,Zieme,female,8/30/1970,xrunolfsdottir@greenfelder.org,8179932037,953029278,Suite 980,Grady Plaza,North Ethanshire,AA28 08AA,Utah,BC2102684,70,8,30,NA,
,,,,,,,,,,,,,,,,,,,,
14142,176525 D,9.32E+17,Neva Rempel,Collins,female,12/4/1972,ismael.walker@schumm.org,313515817,5079833960,Apt. 960,Darius Lock,Hansenview,,Indiana,AA0028275,72,12,4,,0
18661,121540 D,4.34E+17,Augusta Hane DDS,Collins,female,5/14/1988,rolfson.einar@yahoo.com,7506618763,7387327644,Suite 333,Mante Plain,East Burleyberg,,Arizona,,88,5,14,NA,
,,,,,,,,,,,,,,,,,,,,
14176,15867,3.82E+17,Prof. Bart Kertzmann Sr.,Lubowitz,male,5/15/1974,blick.jacey@hilpert.biz,5707493859,7897946589,Apt. 781,,Gladysville,,Colorado,DC4219275,74,5,15,,0
18417,49069,8.42E+17,Daryl Mraz,Lubowitz,male,9/15/1988,jdietrich@gmail.com,7590941556,8531153134,Suite 974,Hessel Mountain,South Anastacioburgh,,Tennessee,CC7316000,88,9,15,NA,
,,,,,,,,,,,,,,,,,,,,
2650,8399,6.92E+17,Lisette Heaney,Schmeler,female,2/15/1981,barrett68@stroman.com,1092736369,656918506,Apt. 675,Gaylord Passage,New Susieport,,New Mexico,BB9999595,81,2,15,,0
2917,91133 D,8.38E+17,Magnolia Ziemann,Schmeler,female,2/17/1995,stiedemann.mack@ferry.com,8843184214,5323964354,Suite 207,Lafayette Center,Marciamouth,,West Virginia,,95,2,17,NA,
,,,,,,,,,,,,,,,,,,,,
3196,192056,2.31E+17,Amy Morar,Kemmer,female,10/13/1994,frieda63@yahoo.com,3536204315,3291811088,Suite 403,Evans Inlet,South Ofelia,,Tennessee,DD0013937,94,10,13,,0
13962,150776,4.65E+17,Leanne Schultz II,Kemmer,female,10/13/1971,calista97@yahoo.com,9148116435,2040297618,Apt. 085,Barton Field,New Tyresebury,,Oklahoma,CC8675446,71,10,13,NA,
,,,,,,,,,,,,,,,,,,,,
19790,161986,8.28E+17,Gene Little,Heller,male,4/8/1996,hermann.karl@schneider.net,7915424668,3915096910,Apt. 507,Francisca Garden,East Juwan,,Pennsylvania,AD7134088,96,4,8,,0
19974,185168 D,9.32E+17,Layne Howell,Heller,male,5/31/1996,grant.billie@rosenbaum.net,4209731377,8698344086,Apt. 721,Wayne Mountain,,,Tennessee,,96,5,31,NA,
,,,,,,,,,,,,,,,,,,,,
4102,79129,7.71E+17,Dr. Henderson Carter DDS,Cruickshank,male,7/2/1998,ford98@kuhlman.com,5995134880,905650543,Suite 590,Roxanne Glen,Port Melbaborough,,West Virginia,DC6838951,98,7,2,,0
11945,19997,2.57E+17,Ken Wilderman Jr.,Cruickshank,male,9/2/1998,eugenia96@parisian.com,6981084790,6091217365,Suite 715,Kennith Mountain,Chettown,,Missouri,AC9884839,98,9,2,NA,
,,,,,,,,,,,,,,,,,,,,
9324,130141,8.18E+17,Santiago Heidenreich,Hudson,male,1/13/1984,lavon.collins@yahoo.com,1054377724,5798556972,Apt. 888,Mohr Bridge,Tryciaberg,,North Carolina,BA2275959,84,1,13,,0
19357,17788 D,7.50E+17,Daryl Quigley Jr.,Hudson,male,1/25/1984,logan.towne@abshire.org,5695467675,1702748889,Suite 468,Gottlieb Ports,Nikolaustown,,North Dakota,,84,1,25,NA,
,,,,,,,,,,,,,,,,,,,,
6392,51514 D,7.14E+17,Hattie King,Moen,female,5/16/1999,garett.lindgren@yahoo.com,4958491823,2340873540,Apt. 041,Donnelly Mall,Lake Hollyville,,Illinois,,99,5,16,,0
9090,45371 D,2.23E+17,Miss Lucile Powlowski,Moen,female,1/23/1974,jessy72@yahoo.com,189282929,3185915652,Suite 596,Gaylord Radial,West Henderson,,Virginia,,74,1,23,NA,
,,,,,,,,,,,,,,,,,,,,
6163,165013 D,3.22E+17,Kraig Satterfield,Schulist,male,6/1/1993,zfarrell@will.biz,5284193982,9499478738,Apt. 661,Beer Plains,Moenport,,Oregon,,93,6,1,,0
19563,30158 D,7.85E+17,Reagan Muller V,Schulist,male,2/1/1990,tkovacek@gmail.com,3889328493,2465787189,Suite 160,Isidro Brook,New Reanna,,Illinois,,90,2,1,NA,
,,,,,,,,,,,,,,,,,,,,
13716,9740 D,5.98E+17,Maci Dach,Windler,female,10/18/1975,geovanni84@gmail.com,9260969601,3930099575,Apt. 875,Bergstrom Orchard,Javierville,,South Carolina,,75,10,18,,0
15047,70036 D,2.70E+17,Icie Turner,Windler,female,10/2/1972,dnader@gmail.com,9860172568,7641409102,Apt. 689,Boyer River,Clarkside,,Alabama,,72,10,2,NA,
,,,,,,,,,,,,,,,,,,,,
2917,91133 D,8.38E+17,Magnolia Ziemann,Schmeler,female,2/17/1995,stiedemann.mack@ferry.com,8843184214,5323964354,Suite 207,Lafayette Center,Marciamouth,,West Virginia,,95,2,17,,0
6308,11154 D,5.78E+17,Ms. Katelin Stroman Sr.,Schmeler,female,2/17/1984,lang.hunter@mann.info,6349680468,8269132834,Suite 606,Corkery Extension,Lelandport,,Missouri,,84,2,17,NA,
,,,,,,,,,,,,,,,,,,,,
8544,177150 D,1.54E+17,Prof. Audie Stroman V,Kuhn,female,11/17/1975,tillman.lourdes@torphy.com,6386573248,7502005849,Suite 383,Krajcik Plaza,Brendonport,,Wisconsin,,75,11,17,,0
10249,159023 D,5.74E+17,Mossie Aufderhar PhD,Kuhn,female,1/19/1975,hjohnston@yahoo.com,5448367900,3751321576,Apt. 228,Walker Ford,Kelliside,,Florida,,75,1,19,NA,
,,,,,,,,,,,,,,,,,,,,
868,136614 D,1.42E+17,Rylee O'Keefe,Schoen,female,12/16/1976,jlangworth@spencer.com,7988452386,2104094955,Suite 835,Schmeler Coves,Kaylahton,,Alaska,,76,12,16,,0
12364,169135 D,9.23E+17,Greta Mohr,Schoen,female,12/15/1976,josiah33@yahoo.com,4636542831,2910890316,Apt. 148,,Paulland,,Georgia,,76,12,15,NA,
,,,,,,,,,,,,,,,,,,,,
6604,175929,1.59E+17,Werner Predovic,Crooks,male,7/20/1976,christop.hane@gmail.com,2895518325,2637078708,Apt. 773,Grimes Courts,South Augustuschester,,New Mexico,DA3193177,76,7,20,,0
7681,167950,8.17E+17,Dr. Lyric Corkery DDS,Crooks,male,8/16/1990,xkling@renner.com,5502141083,75007125,Apt. 742,Kaylie Underpass,North Geraldborough,,New Mexico,DD4928144,90,8,16,NA,
,,,,,,,,,,,,,,,,,,,,
4559,147103,7.89E+17,Jarrod Stracke,Macejkovic,male,10/1/1995,steuber.kurtis@yahoo.com,9063328319,7437848213,Suite 173,Ryan Trafficway,Theresashire,,Missouri,CC2186123,95,10,1,,0
7556,148165 D,4.77E+17,Shane Hoppe,Macejkovic,male,2/1/1971,qconnelly@dickinson.com,5305682702,1450597832,Suite 451,Katelyn Locks,Skylafort,,Missouri,,71,2,1,NA,
,,,,,,,,,,,,,,,,,,,,
4079,186962 D,4.47E+17,Mr. Jerald Reinger I,Stark,male,6/6/1988,lucinda88@miller.com,3736164841,5744146083,Suite 682,Percival Mission,Sauerhaven,,New Hampshire,AB5218399,88,6,6,,0
5870,57081 D,7.69E+17,Mr. Ross Buckridge Jr.,Stark,male,6/27/1982,aluettgen@yahoo.com,7547924235,5697945130,Suite 217,Consuelo Loop,Hodkiewiczview,,New Hampshire,BA2413731,82,6,27,NA,
,,,,,,,,,,,,,,,,,,,,
7706,122938 D,5.32E+17,Kallie Rau,Abshire,female,8/22/1993,abigayle.bashirian@yahoo.com,363555706,5265474650,,Murray Stravenue,Bashirianview,,Rhode Island,AA0239214,93,8,22,,0
8600,131358,1.34E+17,Antonina King,Abshire,female,3/19/1993,waters.meaghan@yahoo.com,2591576519,3936005105,Suite 998,Alessia Orchard,Bradlytown,,Rhode Island,DC3927803,93,3,19,NA,
,,,,,,,,,,,,,,,,,,,,
12962,74468 D,2.90E+17,Yvette Heller,Bashirian,female,12/24/1989,britney24@gmail.com,3892637412,5621986517,Suite 559,DuBuque View,North Kelsieland,,,,89,12,24,,0
17124,5104 D,7.50E+17,Noemy Rohan,Bashirian,female,4/5/1983,jon.watsica@gmail.com,418614759,8782480112,Apt. 857,Grayce Burgs,East Nedra,,,,83,4,5,NA,
,,,,,,,,,,,,,,,,,,,,
493,174704,9.98E+17,Brenda Halvorson V,Fritsch,female,2/13/1999,sally19@yahoo.com,3011262171,3267322701,Apt. 943,Kristina Via,,,Rhode Island,DA7038108,99,2,13,,0
15795,192396,1.70E+17,Brittany Senger,Fritsch,female,6/28/1995,laury.von@blanda.biz,6583415961,5475527834,Suite 654,Hazle Expressway,,DA2 26CB,Oregon,BA4943463,95,6,28,NA,
,,,,,,,,,,,,,,,,,,,,
2384,27859,7.83E+17,Lysanne Wisozk,Lind,female,3/27/1988,aglover@yahoo.com,7875759465,1525224788,Apt. 659,Ali Burgs,,CC4 75DD,Oregon,DC8718497,88,3,27,,0
18582,82992,8.62E+17,Alfreda Pfannerstill,Lind,female,6/27/1976,ustark@gleichner.info,5462615494,3599470698,Suite 023,Denis Harbors,,DD1 91DB,District of Columbia,DA7268424,76,6,27,NA,
,,,,,,,,,,,,,,,,,,,,
1723,21275,8.18E+17,Alan Heaney,Lebsack,male,9/3/1974,jacobs.jermain@gmail.com,5554709907,8635127094,Apt. 366,Lebsack Forks,,CA8 6CA,Mississippi,DB4005346,74,9,3,,0
9586,138032,8.98E+17,Leland Hickle,Lebsack,male,9/11/1988,,2208734264,5963340349,,Cassin Street,,DA8 88CD,Minnesota,BC2799559,88,9,11,NA,
,,,,,,,,,,,,,,,,,,,,
13307,180478,1.39E+17,Franz Mohr DDS,Bogan,male,6/24/1979,irunolfsson@flatley.com,7272389176,,Apt. 673,,,CB8 22DD,Vermont,CC4002624,79,6,24,,0
17585,64082,6.16E+17,Armani Haag II,Bogan,male,7/15/1979,aschumm@hotmail.com,8725134174,2252595754,Suite 909,Dale Divide,,DA8 3CB,Rhode Island,CC7832475,79,7,15,NA,
,,,,,,,,,,,,,,,,,,,,
206,137146,9.49E+17,Cruz Grant,Macejkovic,male,7/22/1971,dorris70@torphy.com,925006724,,Suite 628,Brekke Squares,,CC00 7AB,,DC6030151,71,7,22,,0
15290,62899,7.69E+17,Dr. Lafayette Haley V,Macejkovic,male,4/6/1978,zkessler@yahoo.com,6300859924,1358521812,Suite 603,Gloria Extension,,DD7 64DB,,CA1457265,78,4,6,NA,
,,,,,,,,,,,,,,,,,,,,
553,98702,7.71E+17,Talia Strosin,Jerde,female,5/6/1977,carroll.bianka@gmail.com,9388974812,7644768549,Apt. 275,Feeney Mills,,AB06 41BD,,DD9730715,77,5,6,,0
12145,60393 C,9.73E+17,Caleigh Johnson,Jerde,female,8/14/1977,rn@q.hsk,3466718791,8040852983,Apt. 639,Kris Square,,BD0 09BB,,AB9759977,85,5,28,NA,
,,,,,,,,,,,,,,,,,,,,
11492,195764 D,7.15E+17,Marc Doyle,Sauer,male,2/6/1995,hills.melvin@skiles.com,7868866949,7991124339,Suite 722,Clarabelle Corners,,,Michigan,AA7268869,95,2,6,,0
19723,1415 D,3.70E+17,Ryann Ortiz,Sauer,male,11/17/1975,arjun75@blanda.com,3755040786,9589139304,Suite 863,Lavinia Ports,,,Minnesota,,75,11,17,NA,
,,,,,,,,,,,,,,,,,,,,
12563,112627,1.64E+17,Willard Leuschke,Sauer,male,11/26/1972,rdare@yahoo.com,9522241440,3004825455,Apt. 026,Derek Plains,,,New Mexico,CB0675934,72,11,26,,0
19723,1415 D,3.70E+17,Ryann Ortiz,Sauer,male,11/17/1975,arjun75@blanda.com,3755040786,9589139304,Suite 863,Lavinia Ports,,,Minnesota,,75,11,17,NA,
,,,,,,,,,,,,,,,,,,,,
13750,35868 D,2.60E+17,Lauren Williamson,Bernhard,female,4/23/1976,kaylin67@yahoo.com,85524932,2601138391,Apt. 093,Botsford Stravenue,,,Oregon,,76,4,23,,0
13792,53121 D,8.40E+17,Dr. Francesca Kovacek DDS,Bernhard,female,8/17/1981,donna91@romaguera.com,3793868939,4820662171,Apt. 875,Rosella Station,,,Montana,,81,8,17,NA,
,,,,,,,,,,,,,,,,,,,,
61,51386,3.45E+17,Verla Ullrich,Daniel,female,6/18/1973,timmy.wunsch@hamill.com,4908195528,6061254264,Suite 834,,Madalynview,CB32 6BD,North Dakota,CC5796879,73,6,18,,0
15127,76794,3.61E+17,Christine Schmidt DVM,Daniel,female,9/25/1991,marilyne.damore@hotmail.com,4092179119,492031486,Apt. 184,,Candaceburgh,CC9 43CB,Louisiana,CB0948646,91,9,25,NA,
,,,,,,,,,,,,,,,,,,,,
9059,174067 C,4.37E+17,Maybelle Hickle,Ortiz,female,9/16/1981,mlv@fhvls.wej,1298621375,8886301525,Suite 894,,Port Ruthport,DB84 59DB,Utah,CA7371462,86,9,21,,0
11956,125755 C,8.53E+17,Zetta Bartell,Ortiz,female,8/4/1990,,7134273541,5113388831,Apt. 039,,Haleyhaven,,Maryland,CA8572320,84,10,21,NA,
,,,,,,,,,,,,,,,,,,,,
5497,87992,1.12E+17,Pablo Feil,Goodwin,male,10/28/1971,adeline.west@schneider.com,1073464982,3754927207,Suite 266,,Juniorchester,DA22 81CD,Texas,BA0987574,71,10,28,,0
6611,63146 C,7.61E+17,Filiberto Kemmer,Goodwin,male,10/19/1978,,6513852716,6603592378,Apt. 987,,New Roxanne,,Connecticut,BC6409731,78,10,30,NA,
,,,,,,,,,,,,,,,,,,,,
8971,101466,4.39E+17,Diamond Sawayn Jr.,Jacobi,male,3/22/1996,iwaelchi@runolfsson.com,5402571685,9468921330,Apt. 606,,East Anissa,DB95 1BB,Ohio,DC6158415,96,3,22,,0
13255,2222 C,3.96E+17,Barrett Beier IV,Jacobi,male,8/9/1976,cu@rlmkoahw.plt,6957424815,8452633006,Apt. 089,,Woodrowland,DA8 76BD,Rhode Island,CD8001377,89,3,22,NA,
,,,,,,,,,,,,,,,,,,,,
16999,24236,3.40E+17,Mr. Bernie Barrows III,Konopelski,male,2/20/1993,lparisian@hotmail.com,8765652976,3349283216,Apt. 620,,Pourosside,DB54 10DB,Nebraska,DB9438901,93,2,20,,0
18274,115098 C,2.35E+17,Hoyt Doyle,Konopelski,male,3/1/1971,gsahj@sevwb.wzn,9687856719,8504053866,Suite 570,,Lake Gustaveville,AA15 0AD,,AD7529725,93,8,29,NA,
,,,,,,,,,,,,,,,,,,,,
16438,167621 D,9.15E+17,Gabriel Wehner,Spencer,,7/16/1980,xmetz@cremin.com,9987053883,1947209544,Suite 874,,Carolehaven,DB73 0DC,Rhode Island,BB3606267,NA,NA,NA,,0
17074,186558 D,3.56E+17,Cortney Morar,Spencer,,7/17/1972,welch.miles@yahoo.com,6513990150,4375296880,Suite 143,,New Adolfoton,CD81 30BA,Alaska,DD0274844,NA,NA,NA,NA,
,,,,,,,,,,,,,,,,,,,,
3485,49268 D,7.84E+17,Prof. Otilia Mueller III,Murazik,female,6/17/1980,walter96@greenholt.com,8679267406,,Suite 141,,Wuckertville,CB4 14BB,,CD1251731,80,6,17,,0
19842,104319 D,2.92E+17,Michaela Kessler,Murazik,female,10/18/1990,kaley41@bechtelar.biz,3098153311,4778042681,Suite 216,,Lake Norma,,,AB9548398,90,10,18,NA,
,,,,,,,,,,,,,,,,,,,,
16641,113438 D,4.67E+17,Dr. Zoila Kuhic MD,Bauch,female,3/3/1982,karen67@weber.org,9410064578,3300262064,,,Susanside,,Michigan,AA0961302,82,3,3,,0
19387,117298 C,5.57E+17,Mrs. Shany Herman DDS,Bauch,female,10/31/1995,lucoitag@yt.lat,7858298251,5080180301,Apt. 508,,West Ricky,,Oregon,DD5344380,86,7,13,NA,
,,,,,,,,,,,,,,,,,,,,
12480,191197,9.52E+17,Keshaun Littel,Braun,male,11/2/1994,precious.prosacco@windler.com,9087937304,7158182069,,Runolfsdottir Loop,New Alan,CC97 41CD,Wyoming,AA0041998,94,11,2,,0
15712,44412,4.67E+17,Dr. Braulio McLaughlin DVM,Brown,male,1/4/1977,dallas.heller@hotmail.com,222791856,,,Cyril Forest,Abshiremouth,AD45 7DD,Rhode Island,DC2690526,77,1,4,NA,
,,,,,,,,,,,,,,,,,,,,
8677,67412,2.16E+17,Jenifer McKenzie,McLaughlin,female,7/4/1999,marie.crona@rath.com,8643226006,3102364687,,Oliver Mews,New Monroeshire,BD65 23CB,Pennsylvania,CC2738022,99,7,4,,0
16095,126062 C,5.57E+17,Rubie Mayert,McLaughlin,female,3/31/1991,fmvopbk@ad.ozb,7837961659,2692764640,,Lehner Pass,Geovanyside,DB8 1DA,Georgia,AC9048091,81,1,4,NA,
,,,,,,,,,,,,,,,,,,,,
10462,67815,3.35E+17,Prof. Tyree Kassulke DDS,Hamill,male,4/2/1999,twolff@gmail.com,1391691269,4203028116,,Heaney Lodge,New Dejatown,DD6 42BA,Colorado,DA7171390,99,4,2,,0
12359,55766,4.12E+17,Destin Hammes MD,Hamill,male,4/28/1978,romaine13@pollich.biz,2420653244,6063324724,,Burdette Forest,Kipmouth,BC5 47AB,North Dakota,AA2260783,78,4,28,NA,
,,,,,,,,,,,,,,,,,,,,
4919,196651,6.89E+17,Prince Lang DVM,Schneider,male,1/29/1991,kutch.mariano@koelpin.org,2483384905,1424624820,,Schmidt Ramp,Gabeside,CD3 8DB,Maine,AB4022230,91,1,29,,0
17298,80407,6.94E+17,Dr. Haley Hoeger DVM,Schneider,male,5/11/1991,waldo.kunze@yahoo.com,9923901252,,,Tomas Lake,West Caryton,CC56 2CA,Minnesota,DD0860604,91,5,11,NA,
,,,,,,,,,,,,,,,,,,,,
1717,30546,1.43E+17,Mr. Fidel Larkin,O'Hara,male,4/3/1985,audie88@hotmail.com,8847722073,9614877733,Suite 303,Caleigh Cape,New Adahview,AC0 71AD,Georgia,CC6545732,85,4,3,,0
7080,116135,3.82E+17,Sage Heller,O'Hara,male,5/22/1983,easton52@hotmail.com,1631230919,1334042479,Suite 303,Leannon Wall,Maziestad,BC2 6AB,Georgia,AC8951225,83,5,22,NA,
,,,,,,,,,,,,,,,,,,,,
1158,88295 C,5.98E+17,Jeremie Leannon Jr.,Boyer,female,8/17/1978,rtuiwsozbl@usfmrovkxj.igy,5329518956,1535655137,,Webster Extensions,,,Hawaii,CD4721317,95,1,31,,0
10417,25385,3.37E+17,Dr. Antonette Rowe DVM,Boyer,female,6/17/1979,eschaden@gmail.com,6210713945,4782705199,,Buster Ports,Gerholdmouth,,Maine,BB1171270,79,6,17,NA,
,,,,,,,,,,,,,,,,,,,,
7457,148499,5.85E+17,Mrs. Leora Sipes DDS,Fay,female,11/19/1978,jayden98@hotmail.com,9539378425,1052280727,,Ike Course,,AC80 7DD,Vermont,DA9406222,78,11,19,,0
11857,110115 C,1.97E+17,Freddie Jaskolski,Fay,female,1/23/1985,rhenbvco@sqtu.bkh,6745961526,8941861674,,Predovic Track,,AB32 8DD,,DC6222280,91,2,23,NA,
,,,,,,,,,,,,,,,,,,,,
3309,160607,1.27E+17,Lempi Mayert MD,Langosh,female,6/7/1993,madison.kessler@jones.com,5708268153,1305286976,Suite 586,Felicity Park,South Jacinthe,AD2 36DD,Iowa,DA6256173,93,6,7,,0
16672,160607 T,6.59E+17,Cielo Toy,Langosh,female,6/7/1993,golurapm@jwcv.dre,1739842591,1305286976,Suite 586,Felicity Park,South Jacinthe,AD2 36DD,Iowa,NN6145253,93,6,7,NA,
,,,,,,,,,,,,,,,,,,,,
1068,125304,7.28E+17,Austen Mohr,Willms,male,3/12/1980,,3927013817,5590897281,Apt. 093,Teresa Fords,Mayertmouth,AC11 3CA,Illinois,DD1783491,80,3,12,,0
16221,46207,8.73E+17,Mr. Waldo O'Conner IV,Willms,male,5/19/1994,,7706542158,8932720841,Apt. 319,D'Amore Summit,Breitenberghaven,BA8 7AB,Idaho,BC0294927,94,5,19,NA,
,,,,,,,,,,,,,,,,,,,,
5310,133127 C,2.22E+17,Judson Metz,Lynch,male,1/22/1991,,8218563628,3769918978,Suite 620,Maiya Radial,Port Candidoburgh,AD6 0DC,Wyoming,CC8467670,80,9,12,,0
18958,40389,2.59E+17,Geovanny Dickinson,Lynch,male,10/12/1974,,1614957969,8794692581,Apt. 067,Feest Isle,North Evert,DC11 9DA,Missouri,BD9698496,74,10,12,NA,
,,,,,,,,,,,,,,,,,,,,
254,193731,5.42E+17,Elroy Hermiston,Zboncak,male,4/29/1978,,2010940128,,Apt. 422,O'Connell Ridges,South Rustyview,AD8 7AA,Michigan,BA6575122,78,4,29,,0
16228,3206,9.95E+17,Jaylon Carroll,Zboncak,male,4/5/1977,,6423361476,1106217787,Suite 905,Tara Wall,New Mack,AB8 0AB,California,BC6228704,77,4,5,NA,
,,,,,,,,,,,,,,,,,,,,
4133,197095 C,9.15E+17,Dave VonRueden,Volkman,female,5/19/1995,,5815319386,7612047630,Apt. 290,Dickens Summit,Lake Turner,CD9 5BD,North Dakota,CD0764250,90,11,17,,0
13941,184766 D,4.88E+17,Kasey Cronin V,Volkman,female,11/17/1970,,2737432404,9935959609,Suite 751,Casper Squares,New Daryl,,,,70,11,17,NA,
,,,,,,,,,,,,,,,,,,,,
8715,156577 D,5.66E+17,Salvatore Cole Sr.,Ryan,male,6/9/1994,,2185926646,1144296857,pt. 015,Evalyn Green,Tamiaside,BC46 60BD,Maryland,DC0473212,94,6,9,,0
16614,23652,4.89E+17,Mr. Dominic Shanahan,Ryan,male,12/24/1994,,7044942959,1939717769,Apt. 632,Alvena Circles,,CB3 0BA,Nebraska,AC2383485,94,12,24,NA,
,,,,,,,,,,,,,,,,,,,,
4990,112911,8.96E+17,Mariam Emmerich,Johnson,female,12/29/1992,,3721412812,1583788278,Suite 918,Kuhic Junction,North Zenamouth,CA1 3CA,Idaho,AB2123048,92,12,29,,0
8072,140368,2.53E+17,Joelle Schumm III,Johnson,female,12/20/1992,,3093625247,6859764194,Suite 138,Williamson Lake,East Casimirland,DB2 7DA,Nevada,CC3294626,92,12,20,NA,
,,,,,,,,,,,,,,,,,,,,
5488,20902,9.34E+17,Susie Green I,Borer,female,10/19/1986,,416379019,2022867647,Suite 868,Carter Falls,East Marquesfurt,DA1 0DA,,DB2958922,86,10,19,,0
12034,21725,6.64E+17,Prof. Tamara Crooks IV,Borer,female,8/24/1983,,7664575248,7759386289,Apt. 123,Helene Prairie,Oranmouth,AA9 85BC,,AB3619481,83,8,24,NA,
,,,,,,,,,,,,,,,,,,,,
2437,81596 D,2.57E+17,Natalia Douglas,Jerd,female,3/30/1982,,6736421591,1273298025,Apt. 645,Gleason Roads,Port Kellyfurt,CB56 08DB,,DD1636260,82,3,30,,0
12887,74408 D,8.96E+17,Ms. Cierra Goldner,Jerd,female,3/28/1976,,5489107846,,,Krajcik Ranch,Connton,DC0 3DC,,DC0392417,76,3,28,NA,
,,,,,,,,,,,,,,,,,,,,
1556,89545 D,7.13E+17,Rosella Feil,Dach,female,3/27/1982,,6802989617,6827234396,Apt. 857,Vidal Trail,West Clint,,California,DB1185440,82,3,27,,0
19760,197080 D,8.34E+17,Marlen Wiza II,Dach,female,9/6/1986,,6819079451,2366562847,Suite 867,Halle Court,Port Frederick,,Minnesota,,86,9,6,NA,
,,,,,,,,,,,,,,,,,,,,
8303,118287 C,5.91E+17,Arno Dickens,Ondricka,male,4/7/1990,,4768728423,9736724072,Apt. 566,Ferry Heights,,AA72 9AD,Nevada,CB4286185,77,8,12,,0
18865,104708,5.81E+17,Laurel Durgan,Ondricka,male,3/4/1985,,6032355403,,Suite 262,Wisozk Villages,,DA4 2BB,Minnesota,BC5077303,85,3,4,NA,
,,,,,,,,,,,,,,,,,,,,
4540,108574,7.95E+17,Dr. Brock Stanton DDS,Thiel,male,2/3/1997,,2244942246,9012627403,Apt. 241,,West Alene,AC77 0AA,New Mexico,DB0626267,97,2,3,,0
5864,138704,4.57E+17,Jaiden Jast,Thiel,male,8/28/1986,,8534964088,7775035122,Suite 733,,East Orphashire,AB10 14BD,Massachusetts,CA3027270,86,8,28,NA,
,,,,,,,,,,,,,,,,,,,,
6859,17714 D,2.62E+17,Nickolas Schupp,Huels,male,7/2/1983,daisha.hermann@gmail.com,9844712045,1212448382,pt. 060,Daugherty Hollow,,CD10 0DB,Wisconsin,DC3496206,83,7,2,,1
9918,17714,4.87E+17,Nickolas Schuppe,Huels,male,7/2/1983,daisha.hermann@gmail.com,9844712045,1212448382,Apt. 060,Daugherty Hollow,East Bettyeberg,CD10 0DB,Wisconsin,DC3496206,83,7,2,NA,
,,,,,,,,,,,,,,,,,,,,
10269,127250,6.86E+17,Gianni Labadie,Stroman,male,9/5/1979,lilliana92@yahoo.com,5242345924,9439239526,Apt. 531,Emmy Burgs,Pollichburgh,CA35 4DD,,CC8469798,79,9,5,,1
17051,127250 D,9.76E+17,Gianni Labad,Stroman,male,9/5/1979,lilliana92@yahoo.com,5242345924,9439239526,,Emmy Burgs,Pollichburgh,CA35 4DD,New Hampshire,CC8469798,79,9,5,NA,
,,,,,,,,,,,,,,,,,,,,
16475,186322 D,3.22E+17,Dr. Kamryn Balistrer,Hintz,male,2/16/1992,constantin29@gmail.com,6518441141,4336489413,,Niko Fort,Lenniebury,DD3 27AC,West Virginia,CD3555218,92,2,16,,1
19085,186322,1.32E+17,Dr. Kamryn Balistreri,Hintz,male,2/16/1992,constantin29@gmail.com,6518441141,4336489413,Apt. 866,Niko Fort,Lenniebury,DD3 27AC,West Virginia,CD3555218,92,2,16,NA,
,,,,,,,,,,,,,,,,,,,,
6919,170082,2.37E+17,Prof. Joy Hilll,Ondricka,female,6/14/1981,,2420962221,3441435080,Suite 769,Alessandra Lakes,Port Haskellshire,CD97 5DB,Arkansas,CA6715365,81,6,14,,0
14154,130067,5.74E+17,Allene Nikolaus DVM,Ondricka,female,1/26/1974,,3029794366,3674001746,Suite 769,Katharina Walks,Purdyfurt,DB47 87BC,Illinois,BC1394682,74,1,26,NA,
,,,,,,,,,,,,,,,,,,,,
5321,106250,2.33E+17,Marty Gusikowski,Block,male,7/28/1987,wcrona@hotmail.com,860502185,8466602905,Suite 039,Leone Course,East Nicholauschester,BB72 11CA,,BD8155033,87,7,28,,1
15623,106250 D,2.51E+17,Marty Gusikowsk,Block,male,7/28/1987,wcrona@hotmail.com,860502185,8466602905,Suite 039,Leone Course,East Nicholauschester,BB72 11CA,Virginia,BD8155033,87,7,28,NA,
,,,,,,,,,,,,,,,,,,,,
2108,121796,7.27E+17,Miss Leilani Doyle,Kulas,female,11/7/1984,bmckenzie@hotmail.com,,2832962536,Suite 102,Stehr Stravenue,South Joan,AA26 6AA,Missouri,CD8611928,84,11,7,,1
11457,121796 D,3.38E+17,Miss Leilani Doyl,Kulas,female,11/7/1984,bmckenzie@hotmail.com,4014289496,2832962536,Suite 102,Stehr Stravenue,South Joan,AA26 6AA,Missouri,CD8611928,84,11,7,NA,
,,,,,,,,,,,,,,,,,,,,
2976,187909 D,5.55E+17,Rahsaan Fritsch,Abshir,,3/10/1998,,9343093135,3732756101,Apt. 330,Justine Pass,Port Buford,AD5 31BA,Maryland,BB4232027,98,3,10,,1
3661,187909,1.19E+17,Rahsaan Fritsch,Abshire,female,3/10/1998,sbrekke@huel.com,9343093135,3732756101,Apt. 330,Justine Pass,Port Buford,AD5 31BA,Maryland,BB4232027,98,3,10,NA,
,,,,,,,,,,,,,,,,,,,,
6721,179887 D,5.27E+17,Dr. Trenton Powlowski,O'Har,,1/1/1976,ulittel@wiza.com,8673391370,3302329337,Apt. 163,Roberts Spring,,CB01 09CA,Louisiana,CA1230294,76,1,1,,1
17890,179887,8.46E+17,Dr. Trenton Powlowski,O'Hara,male,1/1/1976,ulittel@wiza.com,8673391370,3302329337,Apt. 163,Roberts Spring,Zemlakland,CB01 09CA,,CA1230294,76,1,1,NA,
,,,,,,,,,,,,,,,,,,,,
10348,54548,8.48E+17,Emilio Gibson,Gutkowski,male,12/30/1979,bradley22@hotmail.com,3514617591,2749836560,Suite 746,Bertrand Mills,Nadiastad,BB51 3CD,Connecticut,AB5155638,79,12,30,,1
19278,54548 D,9.29E+17,Emilio Gibson,Gutkowsk,,12/30/1979,bradley22@hotmail.com,3514617591,2749836560,Suite 746,Bertrand Mills,Nadiastad,BB51 3CD,Connecticut,AB5155638,79,12,30,NA,
,,,,,,,,,,,,,,,,,,,,
10048,154306 D,9.38E+17,Margarette Jakubowski,Brekk,female,5/23/1984,,2923964782,5637421118,,Ullrich View,Terryfurt,BA95 49BA,,BC4718362,84,5,23,,1
14456,154306,3.43E+17,Margarette Jakubowski,Brekke,female,5/23/1984,wmuller@zboncak.com,2923964782,5637421118,Suite 382,Ullrich View,Terryfurt,BA95 49BA,Utah,BC4718362,84,5,23,NA,
,,,,,,,,,,,,,,,,,,,,
1742,198564,5.16E+17,Paris Stoltenberg,Kuhn,male,11/19/1997,,5647987890,6891260296,Apt. 678,Georgette Lake,Carterville,AB89 5BD,Illinois,AD7212203,97,11,19,,1
17344,198564 D,7.36E+17,Paris Stoltenberg,Kuh,male,11/19/1997,berge.abbie@mayert.com,5647987890,6891260296,Apt. 678,Georgette Lake,Carterville,,Illinois,AD7212203,97,11,19,NA,
,,,,,,,,,,,,,,,,,,,,
8002,60336,5.57E+17,Van Emmerich,Cartwright,male,8/31/1996,kelsi21@hotmail.com,307886819,2145986945,Apt. 546,Gerda Mills,West Gerhardfurt,AA4 66CC,Hawaii,CD2406593,96,8,31,,1
10375,60336 D,2.97E+17,Van Emmerich,Cartwrigh,male,8/31/1996,,307886819,2145986945,Apt. 546,Gerda Mills,West Gerhardfurt,AA4 66CC,,CD2406593,96,8,31,NA,
,,,,,,,,,,,,,,,,,,,,
1391,135458 D,6.97E+17,Lavern Schowalter,Schoe,male,8/16/1973,,691574786,6866645604,Apt. 670,Sawayn Path,Port Adell,,Montana,AC2806907,73,8,16,,1
18423,135458,2.98E+17,Lavern Schowalter,Schoen,male,8/16/1973,lynch.zachery@yahoo.com,691574786,6866645604,Apt. 670,Sawayn Path,Port Adell,,Montana,AC2806907,73,8,16,NA,
,,,,,,,,,,,,,,,,,,,,
10831,38435,5.97E+17,Dr. Citlalli Yost,Konopelski,female,8/14/1973,felipa43@volkman.com,6598958706,5255170227,,Schroeder Plain,,BC7 28CD,Missouri,DA9480099,73,8,14,,1
18662,38435 D,8.13E+17,Dr. Citlalli Yost,Konopelsk,female,8/14/1973,felipa43@volkman.com,6598958706,5255170227,Apt. 469,Schroeder Plain,Wolffville,,Missouri,DA9480099,73,8,14,NA,
,,,,,,,,,,,,,,,,,,,,
10270,134841,3.21E+17,Florine Rempel,Gislason,female,10/2/1994,alexandrea64@price.net,,7285288116,Suite 010,,North Gertrude,CD3 27CC,North Dakota,DD4893171,94,10,2,,1
10968,134841 D,1.52E+17,Florine Rempel,Gislaso,female,10/2/1994,alexandrea64@price.net,8302466429,7285288116,Suite 010,Rice Causeway,North Gertrude,,North Dakota,DD4893171,94,10,2,NA,
,,,,,,,,,,,,,,,,,,,,
8003,159837 D,1.12E+17,Mavis Kilback,Dickinso,male,3/27/1985,devan20@kovacek.com,7653141049,760740852,Suite 759,Dach Village,,,West Virginia,AC3507477,85,3,27,,1
15627,159837,7.51E+17,Mavis Kilback,Dickinson,male,3/27/1985,devan20@kovacek.com,7653141049,760740852,Suite 759,Dach Village,East Samaraland,CA1 8CA,West Virginia,AC3507477,85,3,27,NA,
,,,,,,,,,,,,,,,,,,,,
12595,62483 D,2.17E+17,Lila Legros IV,McKen,female,6/5/1990,cassin.august@gmail.com,,7517844498,Suite 147,Ruecker Vista,Roderickfurt,,,BC3470186,90,6,5,,1
17632,62483,6.59E+17,Lila Legros IV,McKenzie,female,6/5/1990,cassin.august@gmail.com,9512891512,7517844498,Suite 147,Ruecker Vista,Roderickfurt,AC7 08AB,South Dakota,BC3470186,90,6,5,NA,
,,,,,,,,,,,,,,,,,,,,
8136,65700,4.41E+17,Gino Goldner,Jacobson,male,11/4/1983,brad.ullrich@schaden.com,8872633169,595698680,Apt. 052,D'Amore Throughway,Schadenburgh,DA25 90DC,Missouri,BC3457710,83,11,4,,1
14965,65700 D,1.67E+17,Gino Goldner,Jacobso,male,11/4/1983,brad.ullrich@schaden.com,8872633169,595698680,Apt. 052,D'Amore Throughway,Schadenburgh,,Missouri,BC3457710,83,11,4,NA,
,,,,,,,,,,,,,,,,,,,,
2433,6894 D,9.59E+17,Anjali Crist,Ratk,female,5/27/1977,schuyler.kris@hotmail.com,,3866209521,Apt. 519,Stamm Fort,Lake Frederikview,DB12 90DD,,DC6432860,77,5,27,,1
19988,6894,4.55E+17,Anjali Crist,Ratke,female,5/27/1977,schuyler.kris@hotmail.com,8909037742,3866209521,Apt. 519,Stamm Fort,Lake Frederikview,DB12 90DD,Arkansas,DC6432860,77,5,27,NA,
,,,,,,,,,,,,,,,,,,,,
3988,112856,9.83E+17,Mr. Brad Hills,Volkman,male,10/20/1974,elda.pfannerstill@torphy.net,7710110577,4459692450,Suite 336,McCullough Shoals,Bradtkemouth,,Pennsylvania,DA8422091,74,10,20,,1
19126,112856 D,4.12E+17,Mr. Brad Hills,Volkma,male,10/20/1974,elda.pfannerstill@torphy.net,7710110577,4459692450,Suite 336,McCullough Shoals,Bradtkemouth,,Pennsylvania,DA8422091,74,10,20,NA,
,,,,,,,,,,,,,,,,,,,,
2245,135109 C,2.77E+17,Mr. Earnest Glover DDS,Kreiger,female,7/22/1987,hvm@arkw.ghn,4686729126,6137979067,Apt. 079,Alyce Stravenue,Reicherthaven,BA8 6DB,North Dakota,BD7740700,90,8,12,,0
9381,40189,7.84E+17,Mr. Earnest Glover DDS,Kreiger,male,4/19/1999,marcel.huel@connelly.com,9309271184,857279906,Apt. 441,Oliver Trace,Odessamouth,AA1 8CA,Maryland,AD8164354,99,4,19,NA,
,,,,,,,,,,,,,,,,,,,,
5966,55647,9.98E+17,Norwood Padberg,Luettgen,male,6/13/1972,tyshawn.gutkowski@rowe.com,6534062433,339548670,Suite 264,Pacocha Plains,North Kimberly,AD94 7BD,Nebraska,AB4411265,72,6,13,,1
9192,55647 D,8.69E+17,Norwood Padberg,Luettgen,,6/13/1972,,6534062433,339548670,Suite 264,Pacocha Plains,North Kimberly,AD94 7BD,Nebraska,AB4411265,72,6,13,NA,
,,,,,,,,,,,,,,,,,,,,
3859,103642 D,7.44E+17,Rubie Sanford,McKenzie,,4/9/1995,nora.gutmann@flatley.com,3430958681,702183076,Apt. 885,Corene Trail,West Jazmyne,DC3 19AD,Arizona,AA4984293,NA,NA,NA,,1
10127,103642,9.11E+17,Rubie Sanford,McKenzie,female,4/9/1995,,3430958681,702183076,Apt. 885,Corene Trail,West Jazmyne,DC3 19AD,Arizona,AA4984293,95,4,9,NA,
,,,,,,,,,,,,,,,,,,,,
15171,39814,8.24E+17,Chester Weber Jr.,Wintheiser,male,1/28/1986,efadel@stanton.com,3092207406,3149052016,,Darron Ways,Jaysonborough,CD6 62DB,Texas,DB2165134,86,1,28,,1
17006,39814 D,6.60E+17,Chester Weber Jr.,Wintheiser,,1/28/1986,efadel@stanton.com,3092207406,3149052016,Suite 406,Darron Ways,Jaysonborough,CD6 62DB,Texas,DB2165134,86,1,28,NA,
,,,,,,,,,,,,,,,,,,,,
842,153868 D,3.82E+17,Mr. Jaycee Rolfson,Nienow,,11/1/1996,keebler.nia@gmail.com,1040764790,4038561696,Suite 840,Jayde Loop,Port Greta,DD2 2AA,Missouri,DC8528183,NA,NA,NA,,1
14957,153868,9.12E+17,Mr. Jaycee Rolfson,Nienow,male,11/1/1996,keebler.nia@gmail.com,1040764790,4038561696,,Jayde Loop,Port Greta,DD2 2AA,Missouri,DC8528183,96,11,1,NA,
,,,,,,,,,,,,,,,,,,,,
1308,137376 D,8.76E+17,Prof. Charity Steuber III,Collier,,7/25/1995,chauncey.bashirian@dietrich.com,3653055373,3249233824,Suite 509,,Arnaldoshire,AD12 07AD,North Carolina,CB3240585,95,7,25,,1
13799,137376,4.39E+17,Prof. Charity Steuber III,Collier,female,7/25/1995,chauncey.bashirian@dietrich.com,3653055373,3249233824,Suite 509,Jada Centers,Arnaldoshire,,North Carolina,CB3240585,95,7,25,NA,
,,,,,,,,,,,,,,,,,,,,
2853,187609 D,1.92E+17,Diamond Gulgowski,Zemlak,,4/23/1986,mose.moore@nitzsche.com,,7303311486,Suite 569,,South Sydnee,CC70 5AB,Oregon,BB5506917,86,4,23,,1
8924,187609,1.88E+17,Diamond Gulgowski,Zemlak,male,4/23/1986,mose.moore@nitzsche.com,3426298522,7303311486,Suite 569,Hudson Motorway,South Sydnee,CC70 5AB,Oregon,BB5506917,86,4,23,NA,
,,,,,,,,,,,,,,,,,,,,
11090,156721 D,8.45E+17,Eleazar O'Conner,VonRueden,,8/11/1981,erunolfsson@mann.com,20529861,5493933838,Apt. 083,Freeda Turnpike,Port Serenity,,Vermont,AD3674677,NA,NA,NA,,1
17764,156721,3.36E+17,Eleazar O'Conner,VonRueden,male,8/11/1981,erunolfsson@mann.com,20529861,5493933838,Apt. 083,Freeda Turnpike,,DD49 6AA,Vermont,AD3674677,81,8,11,NA,
,,,,,,,,,,,,,,,,,,,,
3166,153564,6.26E+17,Zoe Crooks DDS,Howell,female,9/30/1994,hahn.dahlia@champlin.info,4191452328,6092663221,Suite 443,Veum Road,Ryderfurt,AA34 58CA,,CD0277312,94,9,30,,1
13320,153564 D,4.38E+17,Zoe Crooks DDS,Howell,,9/30/1994,hahn.dahlia@champlin.info,4191452328,6092663221,Suite 443,Veum Road,,AA34 58CA,District of Columbia,CD0277312,NA,NA,NA,NA,
,,,,,,,,,,,,,,,,,,,,
5660,116058 D,1.18E+17,Aida Bogan,Fritsch,,8/8/1984,pagac.roselyn@gmail.com,846515762,1080987756,Apt. 262,Hilton Freeway,,BC49 02BD,North Dakota,CA9287801,84,8,8,,1
8013,116058,9.32E+17,Aida Bogan,Fritsch,female,8/8/1984,pagac.roselyn@gmail.com,846515762,1080987756,Apt. 262,Hilton Freeway,Alannahaven,BC49 02BD,North Dakota,CA9287801,84,8,8,NA,
,,,,,,,,,,,,,,,,,,,,
8005,24628,7.76E+17,Billie Luettgen DVM,Harris,female,6/14/1987,robin45@gmail.com,3020269863,8641743567,Apt. 314,Elenora Causeway,Huelshaven,CD9 1CB,Pennsylvania,BC2686405,87,6,14,,1
19753,24628 D,7.69E+17,Billie Luettgen DVM,Harris,,6/14/1987,robin45@gmail.com,3020269863,8641743567,Apt. 314,Elenora Causeway,Huelshaven,,Pennsylvania,BC2686405,87,6,14,NA,
,,,,,,,,,,,,,,,,,,,,
1150,6979,2.65E+17,Jamarcus Nienow,McKenzie,male,3/1/1987,brianne47@yahoo.com,,2138431521,Apt. 989,Goldner Lights,Stuartstad,DD3 43BB,Colorado,BA6010808,87,3,1,,1
4236,6979 D,4.55E+17,Jamarcus Nienow,McKenzie,,3/1/1987,brianne47@yahoo.com,8395892781,2138431521,Apt. 989,Goldner Lights,Stuartstad,,Colorado,BA6010808,NA,NA,NA,NA,
,,,,,,,,,,,,,,,,,,,,
7467,83701 D,7.66E+17,Prof. Willie Frami V,Hoeger,,7/27/1989,sreinger@hotmail.com,3870031332,888447722,Apt. 939,Guadalupe Tunnel,Dawsonfort,CC1 2AC,,DB5275991,NA,NA,NA,,1
19783,83701,9.97E+17,Prof. Willie Frami V,Hoeger,female,7/27/1989,sreinger@hotmail.com,3870031332,,Apt. 939,Guadalupe Tunnel,Dawsonfort,CC1 2AC,Illinois,DB5275991,89,7,27,NA,
,,,,,,,,,,,,,,,,,,,,
976,171300,1.28E+17,Eloise Bins,Lang,female,4/5/1970,amani50@muller.com,1489487048,2765331525,Apt. 065,Noah Inlet,Gleasonmouth,BD4 09CB,Montana,AB5909383,70,4,5,,1
3869,171300 D,5.12E+17,Eloise Bins,Lang,,4/5/1970,amani50@muller.com,1489487048,2765331525,Apt. 065,Noah Inlet,Gleasonmouth,BD4 09CB,Montana,AB5909383,70,4,5,NA,
,,,,,,,,,,,,,,,,,,,,
14774,123556 D,6.68E+17,Michaela Schultz,Hegmann,,1/2/1971,cletus.nitzsche@hotmail.com,9895261060,7911882696,Apt. 552,Kellie Passage,Lake Tierrahaven,BD44 0AD,Delaware,AD7050152,NA,NA,NA,,1
17563,123556,8.69E+17,Michaela Schultz,Hegmann,female,1/2/1971,cletus.nitzsche@hotmail.com,9895261060,7911882696,Apt. 552,Kellie Passage,Lake Tierrahaven,BD44 0AD,Delaware,AD7050152,71,1,2,NA,
,,,,,,,,,,,,,,,,,,,,
13906,180404,3.77E+17,Macy Conn,Goldner,female,8/1/1990,pascale71@beatty.org,1291618593,8883190990,Apt. 417,Effertz Lakes,East Groverstad,BC39 14CC,Rhode Island,CC2044277,90,8,1,,1
19678,180404 D,2.34E+17,Macy Conn,Goldner,female,8/1/1990,,1291618593,8883190990,pt. 417,Effertz Lakes,East Groverstad,,Rhode Island,CC2044277,90,8,1,NA,
,,,,,,,,,,,,,,,,,,,,
11196,34884,5.22E+17,Lexus O'Reilly,O'Reilly,male,4/23/1984,,6694800141,8244341597,,Monserrate Glens,East Evangelineport,BC36 53DC,South Dakota,AC3987473,84,4,23,,1
17716,34884 D,7.76E+17,Lexus O'Reilly,O'Reilly,male,4/23/1984,brock.kihn@kertzmann.com,6694800141,8244341597,Suite 030,Monserrate Glens,East Evangelineport,BC36 53DC,South Dakota,AC3987473,84,4,23,NA,
,,,,,,,,,,,,,,,,,,,,
13756,184766,9.50E+17,Kasey Cronin V,Volkman,female,11/17/1970,gerard76@paucek.com,2737432404,9935959609,Suite 751,Casper Squares,New Daryl,BB8 36CC,Colorado,AD9488957,70,11,17,,1
13941,184766 D,4.88E+17,Kasey Cronin V,Volkman,female,11/17/1970,,2737432404,9935959609,Suite 751,Casper Squares,New Daryl,,,,70,11,17,NA,
,,,,,,,,,,,,,,,,,,,,
2417,9430 D,4.99E+17,Margret Stroman,Rolfson,female,7/18/1998,lilyan68@strosin.com,3057712143,5127560451,Apt. 547,Mark Turnpike,Melliechester,,Florida,,98,7,18,,1
4090,9430,3.15E+17,Margret Stroman,Rolfson,female,7/18/1998,,3057712143,5127560451,Apt. 547,Mark Turnpike,Melliechester,DD34 2DB,Florida,DD7145543,98,7,18,NA,
,,,,,,,,,,,,,,,,,,,,
778,51641 D,4.00E+17,Miss Beaulah Hauck V,Weissnat,female,2/10/1996,,8427331466,2533501579,Suite 086,Michele Union,Alexandreaburgh,,New Mexico,AB0883382,96,2,10,,1
19194,51641,6.46E+17,Miss Beaulah Hauck V,Weissnat,female,2/10/1996,isaiah54@yahoo.com,8427331466,2533501579,Suite 086,Michele Union,Alexandreaburgh,AA49 2CD,New Mexico,AB0883382,96,2,10,NA,
,,,,,,,,,,,,,,,,,,,,
979,16000,1.00E+18,Alison Daniel,Rutherford,female,12/8/1974,,591607928,6763267825,Apt. 544,Cheyanne Passage,Nikolausland,DD0 96CB,Vermont,DD4081021,74,12,8,,1
16965,16000 D,4.40E+17,Alison Daniel,Rutherford,female,12/8/1974,tommie27@yahoo.com,591607928,6763267825,Apt. 544,Cheyanne Passage,Nikolausland,DD0 96CB,,DD4081021,74,12,8,NA,
,,,,,,,,,,,,,,,,,,,,
7470,188509,5.43E+17,Prof. Darlene Ziemann,Harris,female,7/4/1982,,4379237840,2788053133,Suite 883,Crooks Cove,Tristintown,CA19 71CC,Wyoming,CA8699092,82,7,4,,1
10125,188509 D,1.25E+17,Prof. Darlene Ziemann,Harris,female,7/4/1982,hermiston.juliet@pagac.com,4379237840,2788053133,Suite 883,Crooks Cove,Tristintown,CA19 71CC,Wyoming,CA8699092,82,7,4,NA,
,,,,,,,,,,,,,,,,,,,,
12120,131130 D,6.52E+17,Bernard Lynch,Parker,male,1/30/1974,uhowell@hermiston.com,2703520803,8521383639,,Jeffery Path,North Berthamouth,,Vermont,,74,1,30,,1
17751,131130,1.75E+17,Bernard Lynch,Parker,male,1/30/1974,uhowell@hermiston.com,2703520803,8521383639,Suite 738,,,BA3 2CD,Vermont,AB8233574,74,1,30,NA,
,,,,,,,,,,,,,,,,,,,,
4445,160179 D,6.83E+17,Ms. Kitty Hudson II,Botsford,female,9/15/1972,lawrence69@gmail.com,763652797,9210746247,,Immanuel Forks,West Laurietown,,Arizona,,72,9,15,,1
18137,160179,9.42E+17,Ms. Kitty Hudson II,Botsford,female,9/15/1972,lawrence69@gmail.com,763652797,9210746247,Apt. 043,,West Laurietown,AA40 62BC,Arizona,DB4753138,72,9,15,NA,
,,,,,,,,,,,,,,,,,,,,
138,156641,9.29E+17,Prof. Christiana Ruecker PhD,McDermott,female,7/26/1996,paucek.erna@gmail.com,1082438775,6446725383,Apt. 286,Winona Locks,Coltonmouth,BA6 72BB,Vermont,DD6461261,96,7,26,,1
5973,156641 D,7.24E+17,Prof. Christiana Ruecker PhD,McDermott,female,7/26/1996,paucek.erna@gmail.com,1082438775,6446725383,pt. 286,Winona Locks,,BA6 72BB,Vermont,DD6461261,96,7,26,NA,
,,,,,,,,,,,,,,,,,,,,
13837,143432,1.99E+17,Elinor Crist,Marquardt,female,6/11/1979,lowe.joaquin@carroll.com,6687334888,5226899560,Suite 844,Bergstrom Views,Goldamouth,BA0 41AB,,AC9330866,79,6,11,,1
18768,143432 D,4.93E+17,Elinor Crist,Marquardt,female,6/11/1979,lowe.joaquin@carroll.com,6687334888,5226899560,,Bergstrom Views,Goldamouth,,Wyoming,,79,6,11,NA,
,,,,,,,,,,,,,,,,,,,,
3499,127620 D,6.98E+17,Mr. Rollin Bartoletti,Heidenreich,male,2/24/1996,qernser@keeling.net,181725893,3436074020,,Eino Union,South Lynnville,,South Dakota,,96,2,24,,1
15837,127620,9.34E+17,Mr. Rollin Bartoletti,Heidenreich,male,2/24/1996,qernser@keeling.net,181725893,3436074020,Apt. 643,Eino Union,South Lynnville,DA55 31AA,South Dakota,CC6014319,96,2,24,NA,
,,,,,,,,,,,,,,,,,,,,
11401,103427 D,8.33E+17,Dorian Schulist,DuBuque,male,4/6/1991,jleuschke@gleichner.com,5705424405,2681574664,pt. 133,Franecki Meadow,Ratkeborough,,Louisiana,BD9368915,91,4,6,,1
13345,103427,4.39E+17,Dorian Schulist,DuBuque,male,4/6/1991,jleuschke@gleichner.com,5705424405,,,Franecki Meadow,Ratkeborough,BA42 9CA,Louisiana,BD9368915,91,4,6,NA,
,,,,,,,,,,,,,,,,,,,,
9032,33258,5.39E+17,Nigel Greenfelder,Armstrong,male,12/1/1971,cmcdermott@gmail.com,4121440617,1450601844,Suite 876,Ike Station,South Adityashire,AB95 0DD,Nevada,BB7571492,71,12,1,,1
11593,33258 D,5.67E+17,Nigel Greenfelder,Armstrong,male,12/1/1971,cmcdermott@gmail.com,4121440617,1450601844,,Ike Station,South Adityashire,AB95 0DD,,BB7571492,71,12,1,NA,
,,,,,,,,,,,,,,,,,,,,
2468,38986,6.19E+17,Flo Crooks,Bechtelar,female,9/9/1977,walter.betsy@hotmail.com,7112229508,8369942230,Apt. 997,Emmerich Flat,Port Judahside,DD9 62AB,Maryland,AC9534531,77,9,9,,1
3063,38986 D,4.82E+17,Flo Crooks,Bechtelar,female,9/9/1977,walter.betsy@hotmail.com,7112229508,8369942230,pt. 997,Emmerich Flat,Port Judahside,DD9 62AB,Maryland,AC9534531,77,9,9,NA,
,,,,,,,,,,,,,,,,,,,,
9414,158091,8.33E+17,Ophelia Hahn MD,Deckow,female,8/19/1996,samantha64@gmail.com,534645290,7591100963,Suite 095,,,DC21 04AA,,AA2365366,96,8,19,,1
13670,158091 D,4.28E+17,Ophelia Hahn MD,Deckow,female,8/19/1996,samantha64@gmail.com,534645290,7591100963,Suite 095,Stokes Fords,Brandibury,,Connecticut,AA2365366,96,8,19,NA,
,,,,,,,,,,,,,,,,,,,,
4475,42068 D,5.32E+17,Wilmer Zieme,Turner,male,2/23/1997,kovacek.jamel@hartmann.com,6994663308,8862131398,Apt. 994,Mafalda Junction,Katelynnberg,,Alabama,,97,2,23,,1
9787,42068,6.17E+17,Wilmer Zieme,Turner,male,2/23/1997,kovacek.jamel@hartmann.com,6994663308,8862131398,Apt. 994,,,BB79 7CC,Alabama,DD2084502,97,2,23,NA,
,,,,,,,,,,,,,,,,,,,,
8965,141460 D,8.25E+17,Merlin Ankunding,Kling,male,2/17/1983,kuhlman.albert@carroll.com,8648262445,3510799537,Apt. 365,,Laviniaburgh,,California,DD2931366,83,2,17,,1
18066,141460,1.67E+17,Merlin Ankunding,Kling,male,2/17/1983,kuhlman.albert@carroll.com,8648262445,3510799537,Apt. 365,Von Motorway,Laviniaburgh,DC3 62DB,,DD2931366,83,2,17,NA,
,,,,,,,,,,,,,,,,,,,,
8156,26600 D,4.41E+17,Mr. Sterling Cole,Bartell,male,5/2/1977,jjohns@wiza.net,9046365380,3302104486,Suite 147,,South Garnetfurt,,Mississippi,,77,5,2,,1
10610,26600,1.62E+17,Mr. Sterling Cole,Bartell,male,5/2/1977,jjohns@wiza.net,9046365380,3302104486,Suite 147,Bailey Manor,South Garnetfurt,CB4 12AC,Mississippi,BA5685863,77,5,2,NA,
,,,,,,,,,,,,,,,,,,,,
5461,101916 D,6.27E+17,Augustus Wisozk,Predovic,male,5/11/1982,ryann24@yahoo.com,3957919413,2566823356,Apt. 723,,South Rosetta,,North Carolina,BC0531741,82,5,11,,1
17005,101916,5.75E+17,Augustus Wisozk,Predovic,male,5/11/1982,ryann24@yahoo.com,3957919413,2566823356,Apt. 723,Gaylord Course,South Rosetta,BC55 38DC,North Carolina,BC0531741,82,5,11,NA,
,,,,,,,,,,,,,,,,,,,,
3220,18809 D,9.93E+17,Kelvin Volkman,Kertzmann,male,10/19/1980,yvonne59@conn.info,1505750404,1213335064,Suite 539,,Lottiehaven,BA27 8CC,,DD8335949,80,10,19,,1
10986,18809,5.92E+17,Kelvin Volkman,Kertzmann,male,10/19/1980,yvonne59@conn.info,1505750404,1213335064,Suite 539,Welch Place,Lottiehaven,BA27 8CC,Massachusetts,DD8335949,80,10,19,NA,
,,,,,,,,,,,,,,,,,,,,
3129,1415,2.93E+17,Ryann Ortiz,Sauer,male,11/17/1975,arjun75@blanda.com,3755040786,9589139304,Suite 863,Lavinia Ports,Preciousville,DB4 11DC,Minnesota,AC4648366,75,11,17,,1
19723,1415 D,3.70E+17,Ryann Ortiz,Sauer,male,11/17/1975,arjun75@blanda.com,3755040786,9589139304,Suite 863,Lavinia Ports,,,Minnesota,,75,11,17,NA,
,,,,,,,,,,,,,,,,,,,,
8781,125673 D,1.29E+17,Ben Langworth,Beer,male,4/29/1980,keeley07@hotmail.com,2777868683,,Apt. 796,Kuphal Drives,,,Iowa,BA4140917,80,4,29,,1
17512,125673,1.28E+17,Ben Langworth,Beer,male,4/29/1980,keeley07@hotmail.com,2777868683,6033437373,Apt. 796,Kuphal Drives,Port Raphaelview,AC56 99CC,Iowa,BA4140917,80,4,29,NA,
,,,,,,,,,,,,,,,,,,,,
2063,66414 D,2.74E+17,Gladys Buckridge,Kshlerin,female,1/10/1997,sabrina00@yahoo.com,9964452121,9599090582,Apt. 648,Gia Cliffs,New Mauricio,CC2 77DC,,DB1291104,97,1,10,,1
18116,66414,6.29E+17,Gladys Buckridge,Kshlerin,female,1/10/1997,sabrina00@yahoo.com,9964452121,,Apt. 648,Gia Cliffs,,CC2 77DC,Delaware,DB1291104,97,1,10,NA,
,,,,,,,,,,,,,,,,,,,,
8147,163248,3.00E+17,Christiana Walsh DVM,Powlowski,female,1/7/1994,cormier.lavonne@hotmail.com,5550199700,5325267315,Suite 171,Kerluke Court,South Noemyside,DB15 97DD,Pennsylvania,DC7694265,94,1,7,,1
12500,163248 D,6.73E+17,Christiana Walsh DVM,Powlowski,female,1/7/1994,cormier.lavonne@hotmail.com,,5325267315,Suite 171,Kerluke Court,South Noemyside,,,,94,1,7,NA,
,,,,,,,,,,,,,,,,,,,,
13564,42825,6.34E+17,Trudie Moore,Schuppe,female,12/21/1996,qmcclure@murazik.info,3060248210,361503273,Apt. 726,Dashawn Fords,Gislasonstad,DD2 41DC,,DB9854346,96,12,21,,1
15740,42825 D,6.39E+17,Trudie Moore,Schuppe,female,12/21/1996,qmcclure@murazik.info,3060248210,361503273,Apt. 726,Dashawn Fords,Gislasonstad,,Arizona,DB9854346,96,12,21,NA,
,,,,,,,,,,,,,,,,,,,,
2020,179808 D,5.84E+17,Prof. Roel Williamson MD,Deckow,male,7/7/1997,osinski.rose@gmail.com,4481922994,9289866050,Suite 360,White Grove,Arianefurt,,Wisconsin,,97,7,7,,1
12932,179808,5.22E+17,Prof. Roel Williamson MD,Deckow,male,7/7/1997,osinski.rose@gmail.com,4481922994,9289866050,Suite 360,White Grove,Arianefurt,AC29 3BA,Wisconsin,BA9586395,97,7,7,NA,
,,,,,,,,,,,,,,,,,,,,
1361,199152 D,1.55E+17,Mrs. Clotilde Armstrong,Hoppe,female,7/16/1997,adickinson@yahoo.com,,2544528266,Suite 189,Fabian Tunnel,New Cortez,,New Hampshire,BD5048977,97,7,16,,1
9056,199152,9.27E+17,Mrs. Clotilde Armstrong,Hoppe,female,7/16/1997,adickinson@yahoo.com,2276766771,2544528266,Suite 189,Fabian Tunnel,New Cortez,DB8 2BA,New Hampshire,BD5048977,97,7,16,NA,
,,,,,,,,,,,,,,,,,,,,
9448,154148,1.79E+17,Fritz Rowe,Ruecker,male,12/6/1977,kiehn.ruby@runolfsson.com,3949249636,2655093090,Apt. 944,Cleta Motorway,Hirthefurt,CB9 43CA,Vermont,BA3869116,77,12,6,,1
11917,154148 D,4.74E+17,Fritz Rowe,Ruecker,male,12/6/1977,kiehn.ruby@runolfsson.com,3949249636,2655093090,Apt. 944,Cleta Motorway,Hirthefurt,CB9 43CA,,BA3869116,77,12,6,NA,
,,,,,,,,,,,,,,,,,,,,
4516,99211 D,1.73E+17,Sheila Russel,Gutkowski,female,12/13/1992,darrick98@hotmail.com,7062710190,4226814147,Apt. 394,Carlie Glens,West Sadiefurt,,Louisiana,,92,12,13,,1
6855,99211,1.49E+17,Sheila Russel,Gutkowski,female,12/13/1992,darrick98@hotmail.com,7062710190,4226814147,Apt. 394,Carlie Glens,West Sadiefurt,,Louisiana,BD1222710,92,12,13,NA,
,,,,,,,,,,,,,,,,,,,,
7584,198139,5.58E+17,Claud DuBuque,Considine,male,6/16/1999,zachary.pollich@yahoo.com,257866996,2168648020,Suite 575,Dorris Port,Port Hannah,DC8 48AA,Ohio,CC1140077,99,6,16,,1
18748,198139 D,1.21E+17,Claud DuBuq,Considine,male,6/16/1999,zachary.pollich@yahoo.com,257866996,2168648020,Suite 575,Dorris Port,Port Hannah,DC8 48AA,Ohio,CC1140077,99,6,16,NA,
