"","record.id","some.id","firstname","lastname","gender","birth.date","email","m.nmbr","h.nmbr","addr.1","addr.2","cityname","postcode","county","nis","b.year","b.month","b.day"
"667732","667732 T","317912568237344772","Prof. Ed Luettgen","Keeling","male","1990-04-13","zlipaf@ljc.hkc","1543588573","114563968","Suite 257","Bernadine Common","South Rosendo","CD1 7CC","Minnesota","NN5754227","90","04","13"
"342258","342258 T","482656421523553678","Miss Rosie Boyle I","Ziemann","female","1990-02-27","ru@u.vwl","1244697136","368969892","Apt. 430","Veum Brooks","Kreigerfurt","BD69 6BB","New Hampshire","NN2766259","90","02","27"
"638906","638906 T","353392773855119886","Prof. Cornelius Jacobs","Wiegand","female","1987-05-31","svniklwgz@ajfriy.xqj","6342685963","349116654","Suite 138","Erdman Brooks","","DB90 1AD","Nebraska","NN7962153","87","05","31"
"306183","306183 T","263828651972821852","Jessyca Swaniawski","Ferry","male","1981-05-30","qugcnvmpbe@vtbdmku.jpd","4312417123","159615267","Apt. 851","Pearlie River","Port Dayanaland","DC0 4CC","Pennsylvania","NN6999683","81","05","30"
"526653","526653 T","972642845329961394","Isidro Little","Klocko","female","1985-01-02","iabm@y.brz","7982753862","395578291","Apt. 386","Beier Square","North Nicolamouth","BA9 04AC","Oklahoma","NN7693374","85","01","02"
"108630","108630 T","932599147621713695","Lavern Hegmann II","Bergnaum","male","1980-11-04","mhraxidks@kmh.cmo","3487946357","463648545","Suite 138","Benjamin Spurs","Port Carmelafort","AD93 7BC","Delaware","NN4559228","80","11","04"
"874730","874730 T","247419739956976772","Margot Schumm","Ortiz","male","1976-11-10","eluvrpfkac@moi.xpq","5939619243","817999528","Apt. 233","Casper Shoal","South Vanceland","CC63 34AA","Texas","NN6916146","76","11","10"
"453494","453494 T","855282982388576293","Kiara Kirlin","Wilderman","female","1972-02-22","lorgiky@fuimekg.vyl","2492412314","812137922","Apt. 276","Amalia Course","East Rahsaan","CC5 68AA","Georgia","NN6599378","72","02","22"
"570506","570506 T","166383497633257381","Erna Zboncak","Yundt","male","1972-01-21","pjvi@pdv.jwp","5276597165","868997739","Suite 502","Cathryn Landing","Port Presley","AC5 1DA","Illinois","NN3825747","72","01","21"
"321733","321732 T","354951651316663359","Jarrell Glover","Marks","male","1996-01-15","sloztk@yidtemc.zny","6593451597","663886662","Suite 736","Dorthy Meadows","Murazikville","BA6 47CD","Louisiana","NN3813595","96","01","15"
"469438","469438 T","481233282586189433","Pearlie Wyman","Johnston","female","1984-02-13","zhvopd@bgtsilavz.mxq","9817466952","687388116","Suite 806","Curt Plains","Kellyport","BC3 0BA","Vermont","NN9724278","84","02","13"
"473479","473479 T","786196648719519962","Mr. Jorge Hyatt V","Marvin","male","1999-05-23","tvqlyb@xgouj.egd","9352842395","645397488","Apt. 871","Marie Roads","New Hellenborough","BC2 4DD","Ohio","NN1384256","99","05","23"
"230003","230003 T","798952682544397594","Ines Jones","Champlin","female","1998-03-09","rjlsxu@uw.vbw","3296833271","354231958","Apt. 397","Stracke Way","South Alek","DD4 3AA","Arkansas","NN3871829","98","03","09"
"779774","779774 T","574837133453872535","Filomena Huel","Sauer","female","1989-11-20","xtdcishajm@up.htz","5313157925","364574152","Apt. 595","Leuschke Center","South Chloemouth","AD82 7DC","Alabama","NN1787942","89","11","20"
"606971","606971 T","943742227918114175","Adela Farrell","Raynor","male","1987-01-15","ecklo@xisvktrque.fqm","4736912456","667371678","Suite 283","Savion Terrace","Lake Eden","CA9 44AD","","NN8865189","87","01","15"
"182128","182128 T","813283972963287313","Albertha Williamson","Abbott","female","1998-01-17","qijonyf@cjngk.ugr","7318138751","948284955","Apt. 663","Toy Ramp","Travonberg","DB02 3BA","Utah","NN2537224","98","01","17"
"497976","497976 T","394418192299662755","Mr. Cordell Goodwin","Davis","female","1997-03-16","jxtrv@dnmgjw.ter","8433974916","692528428","Apt. 278","","","AC46 37AB","Mississippi","NN3758391","97","03","16"
"569035","569035 T","731482872986922919","Ms. Genoveva Green II","Kautzer","male","1991-11-18","wva@goyxd.pfe","2574893974","556576539","Apt. 472","Stokes Ville","Millertown","AB4 13BC","Oklahoma","NN4877999","91","11","18"
"131268","131268 T","226512534799189312","Columbus Stoltenberg","Parisian","female","1990-04-15","z@u.yal","9478544926","948916529","Suite 102","Morar Way","Luciennemouth","CB6 8CD","Colorado","NN5228912","90","04","15"
"234085","234085 T","838246412487369854","Dr. Lamar Kub II","Lockman","male","1992-12-02","lbfoea@cubosqir.gsi","1937318942","424812968","Suite 276","Lemuel Flats","Cartwrightberg","AA23 0DD","New Hampshire","NN9716996","92","12","02"
"669231","669231 T","214549413814748966","Angelo Luettgen","Bartoletti","female","1999-09-08","b@cne.pnr","2391359837","337923976","Suite 317","Keeling Springs","Auroreberg","DD9 62DB","Nevada","NN3562195","99","09","08"
"872660","872660 T","455274236319862583","Emilio Langosh IV","Medhurst","male","1996-08-11","cexbng@osbq.eic","4173547284","498323975","Suite 156","Dylan Walks","North Reannaview","AA5 75DD","Louisiana","NN8383496","96","08","11"
"381439","381439 T","943112343542957986","Ella Feil","Ledner","male","1985-03-07","uvmgntbfq@jipscwdt.yzw","2397644536","828481252","Apt. 630","Nitzsche Shore","North Faebury","","Alabama","NN8922383","85","03","07"
"623320","623320 T","687119929819622671","Prof. Tamia Reynolds II","Rau","male","1998-11-14","swbzqhjou@icjdr.ohz","4724791479","992458267","Suite 361","Tia Fort","Port Enaburgh","AD22 5DC","District of Columbia","NN2575763","98","11","14"
"439134","439133 T","292762466679858764","Ernestina Waters","Smitham","male","1981-06-02","uticbngfx@wngtfyxs.fbl","7254686281","664778347","Apt. 007","Prohaska Pine","Port Sophietown","AB01 93AD","Nebraska","NN5989488","81","06","02"
"483874","483874 T","652961911319764768","Mrs. Roberta Parisian III","Schoen","male","1975-10-25","vyfjl@ftkhw.ojw","7896144537","111682617","Apt. 321","Mayer Landing","Cornellville","DA96 87DC","Louisiana","NN2416994","75","10","25"
"323858","323857 T","322685572496687921","Amari Crooks","Marvin","female","1971-02-05","hrvancmw@wjoybhv.xfw","6894851354","445335726","Apt. 636","Oda Ramp","Ryanborough","DB87 7AB","New Hampshire","NN3243166","71","02","05"
"802618","802618 T","233596312997538285","Drake Wiegand","Gaylord","male","1984-01-09","lj@cq.biu","7567343796","341725424","Apt. 629","Jayce Wall","Port Lonzo","CC01 41CC","New Jersey","NN2824628","84","01","09"
"15494","15493 T","556775629164111727","Giovani Daugherty","Hodkiewicz","male","1990-08-19","vwhr@sehdwyab.jfs","6895476542","233161217","Apt. 048","Courtney Fields","Sabinahaven","AA6 32DC","New York","NN8473863","90","08","19"
"429309","429309 T","829832718747317293","Louie Botsford","Leannon","female","1971-06-01","fnpco@lj.ybj","4958719617","314487212","Apt. 941","Marvin Valley","Julianland","DA78 18DC","Massachusetts","NN5847955","71","06","01"
"161719","161719 T","925558162513421989","Bernadine Hartmann DVM","Wuckert","female","1973-05-28","mqjgtchun@l.mde","3528527193","784397733","Suite 854","Pfannerstill Lodge","Dachport","DD83 7CB","Minnesota","NN3889933","73","05","28"
"889570","889569 T","155675338335249344","Lizzie Lynch","O'Reilly","male","1980-01-26","kxtwebqapi@ysvcd.uyb","1286236285","934698439","Apt. 387","Rhianna Orchard","Lake Betsymouth","","Iowa","NN7165452","80","01","26"
"427309","427309 T","492341531924887547","Geraldine Schaden","Ortiz","female","1980-09-09","bdpwlg@gbo.xgs","5739731953","398766829","Apt. 336","Lindgren Prairie","Lamarburgh","CA1 04DB","Arkansas","NN2297217","80","09","09"
"512626","512626 T","799821571626338929","Susanna Heathcote","Barrows","female","1978-05-04","lnakfbw@hpltoxwb.tae","6286828169","621595177","Apt. 757","McLaughlin Plaza","South Flavieshire","BD33 84AA","Hawaii","NN8864665","78","05","04"
"630909","630909 T","485822578795852453","Emanuel Volkman","Hammes","female","1996-05-08","maxtufwbgh@lxszaviudw.nkb","4787427938","447131213","Suite 802","Hilton Garden","Port Piercebury","DB60 38BB","New Mexico","NN6893638","96","05","08"
"50540","50539 T","251646463452184771","Amely Bayer","Morissette","female","1998-01-22","pk@h.ucr","3162149765","893295938","Suite 266","Russel Divide","Monicastad","AA3 20AB","Nebraska","NN9339722","98","01","22"
"173844","173844 T","981693985687693152","Mozell Murphy","Kemmer","female","1974-01-02","fe@vctjb.hrf","9459289426","784331958","Suite 205","Runte Cape","Schneiderchester","AA31 4BD","Michigan","NN1621324","74","01","02"
"450052","450052 T","346854495678593545","Colt Vandervort","Sawayn","female","1980-02-13","qzjuvexwo@olqwgjrkd.zag","9652416372","793377982","Suite 360","Nader Mission","Lynchmouth","BC6 84BB","Ohio","NN8737243","80","02","13"
"555430","555430 T","114548121327125244","Edwina Mayer","Schinner","male","1980-07-03","ghutfwcas@ysuhgn.mid","9875721257","483383878","Suite 841","Medhurst Park","South Garett","DA11 14CD","Rhode Island","NN4244875","80","07","03"
"550462","550462 T","456914128818219663","Mrs. Maude Hansen IV","Rau","male","1973-05-13","ztdryukf@i.wrj","8237597816","215763684","Apt. 867","Lonny Forest","West Oda","AD9 2AA","Maryland","NN7485465","73","05","13"
"205498","205498 T","416137532749851438","Ed Schmeler","Collier","female","1975-08-03","twbr@gtdl.ves","5926489521","769332741","Suite 993","Oran Prairie","South Cayla","","Montana","NN4321368","75","08","03"
"232649","232649 T","735131273654185956","Carson Bernier III","Lemke","male","1975-05-09","xvnwak@hprfaclj.vsx","4192639276","837865915","Suite 180","King Extension","North Winston","DA9 7CA","Indiana","NN9226393","75","05","09"
"845393","845393 T","142543147352664121","Pasquale Murray","Predovic","female","1989-12-26","fdcernjyqw@l.yvo","5893499541","185311911","Apt. 490","Dicki Meadows","North Aidahaven","","Massachusetts","NN5956599","89","12","26"
"215413","215413 T","927854432946988887","Summer Lueilwitz","McKenzie","male","1980-02-29","jgiyt@w.nsh","6481679384","299442148","Suite 106","Grant Causeway","Aldaview","CB75 53AA","Vermont","NN5417916","80","02","29"
"249740","249740 T","436948544383738357","Ana Schmitt","Schmitt","male","1972-08-24","q@gfh.vig","2974692593","889497152","Suite 951","Jamal Ports","Howeton","AA2 46DD","Indiana","NN3755948","72","08","24"
"588478","588478 T","662889963888715668","Lorine O'Hara","O'Connell","female","1999-01-10","sujqiyoze@myhfarcxe.ico","5897321936","395887546","Suite 238","Ashleigh Ports","Rennerport","AB4 65CD","South Dakota","NN8596174","99","01","10"
"873899","873899 T","839585446364244363","Albert Rohan","Johnston","male","1988-08-18","aqky@mxvagd.pzj","4566858372","929388914","Apt. 175","Stiedemann Stream","South Margrethaven","CA14 1BD","Massachusetts","NN4472364","88","08","18"
"519073","519073 T","383433274785315463","Eda Conroy","Kling","male","1971-03-23","thvzxkerd@i.ldn","7131697149","357256551","Suite 627","Orn Corners","Brakusfurt","DB9 87BD","Hawaii","NN3167452","71","03","23"
"427940","427940 T","695316686658468788","Mrs. Maybelle Bogisich","Walter","male","1978-02-26","urnxaeyqbg@osiwkgutr.iqw","6591926758","814569441","Suite 243","Heloise Parkways","Spinkamouth","DB26 69DC","California","NN8219376","78","02","26"
"121779","121779 T","233195513447934513","Mr. Ross Mohr MD","Ritchie","male","1995-09-22","exc@ynvm.jvs","7363577196","928666568","Suite 260","Bogan Islands","New Earlene","CC4 99AA","Montana","NN9881948","95","09","22"
"315792","315791 T","194297737463955783","Colton Erdman","Quigley","female","1988-03-31","ejx@znpwy.maq","7683723562","798951863","Suite 895","Marcelo Hill","Laurelberg","AB7 30CD","Florida","NN1936758","88","03","31"
"390627","390627 T","598192462215257277","Fannie Considine","O'Conner","male","1986-09-30","iplajb@joewg.sjr","2315812134","411267788","Suite 602","Wilton Summit","Port Rosamondview","BB38 9BA","Louisiana","NN8424446","86","09","30"
"618443","618443 T","477815994867629176","Toni Hagenes","Graham","male","1974-01-09","zhoufm@rad.kgq","2935262438","848475316","Suite 863","Stanton Turnpike","East Lauren","BD15 33DC","Wisconsin","NN4399154","74","01","09"
"727440","727440 T","597211848371179165","Dr. Wilbert Herman","Anderson","male","1978-11-14","vqjacuwhlz@mrnzfku.twm","7923528732","925111925","Apt. 116","Amanda Valleys","Sierramouth","AC3 29DC","","NN5139489","78","11","14"
"540116","540116 T","724339593368459815","Mrs. Yasmin Zieme","Balistreri","male","1978-10-18","oib@dkbwxmg.vhw","1673294936","537122244","Suite 398","","North Tressieburgh","CB3 55BC","Nebraska","NN7919324","78","10","18"
"842385","842385 T","881913876886876331","Ceasar Schmitt","Kohler","male","1972-04-29","ouyqwgp@hkabce.vet","1461498614","946712597","Suite 848","Chris Village","Nikolasbury","BC43 0BC","Michigan","NN4337588","72","04","29"
"603489","603489 T","517881542834966593","Zella Schroeder","Terry","female","1982-02-12","nzdljekga@psfg.cim","5266871862","989726835","Suite 529","Gulgowski Mountain","Port Rosamond","DC7 75AA","South Dakota","NN8182419","82","02","12"
"270535","270535 T","951376466628838183","Billie Vandervort","Bashirian","female","1979-07-09","i@me.fpq","3649484239","976574485","Apt. 577","Fahey Wells","Sipesburgh","BD50 24CD","Texas","NN9817673","79","07","09"
"124683","124683 T","371313127445991237","Roberto Schumm","Dietrich","male","1983-10-17","sdzn@xmbeijdu.mnt","4765292476","","Suite 958","Laury Centers","Kshlerinton","CD5 22AC","Texas","NN7189523","83","10","17"
"966467","966466 T","197985756493643541","Liliana Block","Lubowitz","female","1989-04-21","pomiadsn@pans.okb","4616597946","347572798","Apt. 386","Arielle Flat","Lake Rebekah","AA63 6BA","Alaska","NN6657883","89","04","21"
"931923","931922 T","596599222259691286","Dr. Darwin Wilkinson DDS","Bruen","female","1986-09-24","cqeg@fhydpionkv.wnm","5232596932","797318454","Apt. 020","Alana Pines","Lake Carolanneborough","CC43 17DA","Idaho","NN8214792","86","09","24"
"896107","896106 T","927476137312759433","Muriel Johns","Berge","male","1998-02-25","actus@jha.dka","3694685723","145451782","Apt. 821","Rohan Bypass","West Marcelle","BA0 2DD","District of Columbia","NN5964297","98","02","25"
"771894","771894 T","876295968475125822","Mae Morissette","Runte","female","1984-10-14","gvpc@wlpsguqc.czl","2147824289","495717888","Apt. 283","Dach Track","Hermannbury","BB5 6DA","Washington","NN2669597","84","10","14"
"951823","951823 T","187788852642182475","Brody Smitham","Leffler","female","1993-12-02","kzyu@ep.ayr","6453543782","763294126","Suite 466","Wisozk Walk","New Chaya","BA5 3AC","South Carolina","NN6234157","93","12","02"
"38098","38097 T","784366115763898451","Dr. Caitlyn D'Amore DVM","O'Kon","male","1979-01-27","jqelpribd@shrnl.mpo","2899151567","411839668","Apt. 019","Grimes Plaza","","BB10 59CD","Mississippi","NN1185971","79","01","27"
"114968","114968 T","526619891952915947","Sadye Swift","Gibson","male","1977-03-24","evkxhg@isjufqovke.ygn","8217184385","917364646","Suite 859","Kamren Inlet","Port Caitlyn","AC4 23BA","Georgia","NN9813934","77","03","24"
"663316","663316 T","918295641486569217","Savanah Swift","Renner","male","1989-11-03","qzfubdlkrh@unobav.afd","5625328593","852466847","Apt. 782","Mazie Bypass","East Roel","CB5 68DD","Maine","NN6377717","89","11","03"
"825411","825411 T","585748148381852334","Kirsten Farrell","Rosenbaum","female","1998-10-12","picxekoh@odtlrwqb.yxc","4737647485","823215657","Apt. 041","Harris Shoal","New Oda","CB7 6BA","District of Columbia","NN2719553","98","10","12"
"329194","329194 T","582141439249272349","Angelita Schroeder","Christiansen","female","1994-02-09","bgdo@zcjm.hyn","9434833916","381296493","Suite 522","Schuppe Rest","Emeliaborough","AA93 08DD","","NN5445174","94","02","09"
"496329","496329 T","959738478228352829","Darby Russel","Sauer","female","1972-07-04","yabx@lqrzeusn.zky","5162857143","752624979","Apt. 973","","Kennithmouth","DD99 63CD","Iowa","NN9464628","72","07","04"
"626433","626433 T","959664527517833125","Jerald Jones","Ferry","female","1995-02-17","wfcotjgdb@luca.vmw","2944799741","541624918","Suite 455","Grant Lock","Labadieview","DB76 72DB","Arkansas","NN8883457","95","02","17"
"535193","535193 T","648349399512415841","Rubie Breitenberg","Goyette","female","1973-12-21","rtpl@gsxlmyku.wrf","2735324251","315943346","Apt. 653","Franco Shore","South Fayemouth","BA0 24CC","","NN8467244","73","12","21"
"604078","604078 T","965626644581892458","Seth Osinski","Koss","male","1984-02-15","o@rmveulgbn.okx","1359821248","196441174","Apt. 270","Emard Lakes","Myaborough","CB51 01BB","Idaho","NN6747325","84","02","15"
"938995","938995 T","637799991595597614","Eriberto Veum","Abshire","female","1986-05-05","uxqwacj@l.xcj","3973287149","137534634","Suite 926","Mitchell Villages","Hodkiewiczton","DD3 36AC","Arizona","NN2494426","86","05","05"
"23219","23219 T","613818235288256461","Dr. Cassidy Wilderman Jr.","Powlowski","male","1986-04-10","x@usvnykzl.rcf","2461752185","939378557","Suite 655","Reichel Village","Windlerport","BB1 28AB","Rhode Island","NN8219672","86","04","10"
"838440","838440 T","317521919371812457","Laura Wilkinson","O'Conner","male","1989-06-07","rcsaupq@pw.bvk","1585898156","358751546","Apt. 255","Lou Coves","West Edwin","AB1 42AD","Missouri","NN3392677","89","06","07"
"222069","222069 T","425148616243555529","Travon Boyer","Pouros","female","1987-08-03","shyr@skafpzytjx.ytp","6891262819","969685129","Apt. 288","Rohan Bypass","New Richie","DC48 50DC","Georgia","NN3513453","87","08","03"
"788107","788107 T","797174971563325487","Serenity Hagenes","Prosacco","female","1982-09-05","yigopqa@zp.vie","9637957186","655636988","Apt. 969","Roberts Place","North Jake","CC11 35CD","Georgia","NN5281594","82","09","05"
"661772","661772 T","317337919384119339","Freeman Hackett","Abbott","male","1987-06-26","ufactmyi@submlf.lbu","3248958139","368783248","Suite 359","Barney Isle","Lednerland","CD1 57BD","Alaska","NN1613487","87","06","26"
"758138","758137 T","719342839756464257","Mac Prohaska","Weissnat","female","1987-08-25","xhucnw@wtvmgk.pyh","6415798542","463914496","","Cormier Mountains","Auerville","BD3 07BB","Vermont","NN6587439","87","08","25"
"633445","633445 T","766358244112981936","Lucinda Fritsch","Gleichner","male","1985-10-08","artwb@iajm.ipr","2849169236","835375181","Apt. 887","Vida Brooks","North Julio","CA06 8AB","Utah","NN8562293","85","10","08"
"220041","220041 T","174433247651733846","Dr. Keegan Hintz","Zieme","male","1987-03-01","whj@l.ojq","7697937569","559373925","Apt. 483","Smitham Road","Port Haylie","AD79 89DB","Vermont","NN9253532","87","03","01"
"373240","373240 T","227596493468268793","Mrs. Mafalda Treutel","Torp","female","1986-06-21","jmvqhpc@bzvwmcen.pnw","2686828274","953652693","Apt. 700","Windler Station","Cristchester","AD81 9CB","South Carolina","NN7693978","86","06","21"
"100476","100476 T","544383358764777799","Karlee Nienow","Gutkowski","male","1973-05-01","yqfh@pyq.sgx","9542833769","231956514","Apt. 825","Wuckert Station","Goyetteside","DC17 40CC","Louisiana","NN9261646","73","05","01"
"789606","789606 T","598346674715769814","Leonard Botsford V","Rowe","male","1975-05-05","cphymfaogz@fdiasgc.xhi","2594989857","556293365","Apt. 575","Bartell Branch","West Makenna","BD60 60DB","Maine","NN5516798","75","05","05"
"245644","245644 T","542624924176693697","Olaf Sawayn","Leannon","female","1977-10-11","td@rkavexzpqs.qex","6325721469","998327743","Apt. 473","Dane Roads","East Noblemouth","CC92 71BD","Massachusetts","NN9467822","77","10","11"
"180240","180239 T","284163942346755634","Lon Jenkins","Grady","male","1998-08-31","yi@ecjdlry.kfn","9211975263","742523127","Suite 791","Toy Extensions","Parkerville","DD53 0CD","Idaho","NN5673936","98","08","31"
"453501","453501 T","651557337342568183","Prof. Baron Yundt DDS","Trantow","female","1996-07-08","q@fzyr.ofb","3621235892","472736928","Suite 416","Karl Overpass","Lynchport","BC5 54AA","","NN7996287","96","07","08"
"737748","737747 T","681242639428252376","Deontae Barton","Botsford","male","1990-05-02","odith@humntpyxi.rmo","3642574562","938343162","","D'Amore Loaf","Schuylertown","DB6 99CC","Maine","NN2557777","90","05","02"
"303328","303328 T","216824518249476288","Ernestina Kutch","Klein","male","1991-06-17","dip@ilpbu.fve","2812562895","531682143","Apt. 536","Cole Court","New Augusta","BB12 6BA","California","NN1578239","91","06","17"
"836985","836985 T","655597182255425375","Herta Bauch","Upton","male","1997-11-27","hjwegbap@fcnibxkzu.mhu","6717827891","921654578","Apt. 691","O'Reilly Circles","Port Annettamouth","BA18 44AD","Iowa","NN8731834","97","11","27"
"127260","127260 T","721661144857241562","Lesley Ebert","Heaney","female","1987-08-17","rhsm@bs.luh","2538158143","163126641","Suite 422","Mitchell Extensions","West Alexandro","DC13 15CC","Maryland","NN9422581","87","08","17"
"302834","302834 T","253187145453641745","Mr. Ford Brown PhD","Kshlerin","male","1978-03-17","tvkeainp@gjkwr.mdj","1735734983","216533213","Apt. 931","Sylvia Stravenue","East Laurelshire","CB63 99AD","Arizona","NN1334747","78","03","17"
"982807","982807 T","878527937637387459","Ms. Vernie Mraz I","Block","male","1972-03-06","qmuvofajt@okpyu.egw","2463562439","785993691","Suite 777","Skiles Parkways","Schmittville","BA4 3CC","Nevada","NN6317751","72","03","06"
"12011","12010 T","671866722575255671","Ike Morissette I","Koss","male","1996-06-06","wqinuxapvs@gou.yxt","5748948917","967282164","Suite 236","Buckridge Street","Shieldsfurt","BC5 5AB","Illinois","NN6154695","96","06","06"
"503277","503277 T","521323246491333422","Rylan DuBuque","Sipes","male","1995-04-02","jkefa@ivuk.pmc","2135867924","199591874","Apt. 759","Pedro Run","East Jovannyberg","DD4 3DA","South Carolina","NN1773753","95","04","02"
"861854","861854 T","551744734618997452","Tina Gusikowski","Walter","female","1996-12-30","xmv@jast.yiz","5282498159","921392552","Suite 999","Kozey Station","Murraymouth","DD62 0BD","Arizona","NN7946728","96","12","30"
"222298","222298 T","992983717568813144","Mauricio Schaefer","Douglas","female","1985-05-06","vrzs@dwvshpkjl.pch","9122972791","889248151","Apt. 777","Neoma Ford","Johnstonville","AD52 9DA","Louisiana","NN2322279","85","05","06"
"325224","325223 T","191735763759387927","Misty Lind","Schamberger","male","1996-09-18","klogr@xnfpgjwiah.urf","1471742876","895587232","Suite 063","Grant Lodge","Handland","DA4 67CC","Oregon","NN6476568","96","09","18"
"990458","990458 T","142652468933396443","Mateo Witting","Medhurst","male","1972-02-25","dilwgb@zvpnjbrwif.rhm","9782198312","869499351","Apt. 578","Shanon Dale","East Katharinaberg","BB9 67CA","Utah","NN5897736","72","02","25"
"4503","4503 T","825626134717798258","Dr. Heber Runolfsson DDS","Grant","female","1980-08-02","czdgwh@zdbhxfso.jaz","4864124987","965875185","Suite 791","Haley Course","Friesenland","BD0 09AA","Delaware","NN7573729","80","08","02"
"279892","279892 T","951941264374295975","Ariel Greenfelder","Effertz","female","1991-04-03","fwnmpbzev@fhibc.rfp","7542143126","313122653","Suite 632","Dallas Square","Lindafurt","AB8 73AA","New Hampshire","NN8758251","91","04","03"
"219238","219238 T","158217147551471828","Estrella Champlin","Swaniawski","male","1977-08-23","bejin@etp.jtm","1721976739","894744527","Apt. 913","Bridgette Junction","Beiertown","AA90 3AD","Mississippi","NN2385477","77","08","23"
"23158","23158 T","127393799934281363","Ignatius Bruen PhD","Senger","male","1989-08-06","gya@hlcjmgrta.xbu","6933984921","861798292","Suite 539","Pearlie Drives","South Mertie","CA6 6BA","New Hampshire","NN8374335","89","08","06"
"145134","145134 T","697429426748782812","Javonte Towne","Dicki","female","1972-11-13","aohrcijz@d.ywd","1673587925","723445277","Apt. 994","Alexzander Village","Greenview","DD96 74AD","Vermont","NN4687195","72","11","13"
"33415","33415 T","891775997413577963","Ruthe Bartoletti V","Miller","female","1992-09-04","higaslyxtk@auildozp.bcr","2385624837","965761454","Suite 381","Leann Corners","West Mertieport","DC55 1CA","Tennessee","NN4526474","92","09","04"
"729414","729414 T","994265957582633634","Prof. Arne Considine II","Schinner","female","1983-10-03","twcphrnzel@demjsna.ghi","2746819238","347614218","Apt. 799","Gerlach Forges","Port Jeffreyland","DB7 21AC","District of Columbia","NN4291288","83","10","03"
"979476","979475 T","449568961384197477","Jovany Langworth","Hermiston","female","1985-12-24","ozalrwtpmk@imuz.hwv","3142385486","455535273","Suite 455","Zulauf Vista","Kianborough","BC3 44AC","Florida","NN8633325","85","12","24"
"898416","898416 T","561248147174672518","Kailey Barrows","Thiel","female","1996-03-01","trqfwhz@yu.rea","3748121487","451774949","Apt. 310","O'Reilly Green","South Manley","AD0 83DB","Alaska","NN3261617","96","03","01"
"755132","755131 T","239754858575638587","Prof. Kris Russel DVM","Kub","male","1994-02-23","ks@qjoszaeb.jbw","9644139765","914236811","Suite 411","Seth Lane","Leahaven","CB3 9AA","Kansas","NN8416367","94","02","23"
"622299","622299 T","843441366362286578","Carroll Koelpin","Dooley","male","1989-11-06","wmqrdoyaie@xcpzasgq.yfh","4799173712","229123527","Apt. 543","Zola Roads","Walkerhaven","CB4 8DA","Utah","NN4497452","89","11","06"
"571391","571391 T","536798633929976297","German Abbott","Rau","male","1983-02-05","lak@ifhejvkw.tdu","8572651452","649548954","Apt. 384","Judd Lodge","East Eddie","AD0 7BC","California","NN5963657","83","02","05"
"305148","305148 T","438142132788497948","Madonna Wolf","Daniel","male","1988-08-11","z@ftcljg.osn","2393256834","457157228","Suite 072","Domenick Green","New Rachaelborough","CA6 8CC","Florida","NN3153582","88","08","11"
"184767","184767 T","767666827744582576","Prof. Xzavier Bernhard","Barton","female","1972-04-21","ivcegyasxz@rbhodjgmwa.rle","6812154359","","Apt. 400","Hoppe Ports","Kovacekport","DC83 46AD","Nevada","NN7992999","72","04","21"
"751929","751928 T","131722456953498711","Marjolaine Haley DDS","Torphy","male","1975-10-16","oksyrfudhw@thvdnpiz.qht","8975821936","996481523","Suite 785","Rebeca Squares","Rogahnburgh","CA83 03DB","Virginia","NN6952913","75","10","16"
"480519","480519 T","389866587368453421","Karianne Mohr","Purdy","female","1974-07-27","ambyhjlck@aelgvtjcn.bfs","7848735312","673716359","Suite 356","Emile Bridge","Port Kareemborough","CC56 03AA","Hawaii","NN1366952","74","07","27"
"738309","738308 T","146322498519728993","Vickie Ledner","Metz","male","1997-06-06","eklrhwfaq@a.gtu","9125794152","295471857","Apt. 722","Uriah Brook","New Robin","AB6 0CC","Missouri","NN5812775","97","06","06"
"468282","468282 T","113311834898367361","Mr. Jake Monahan PhD","Kling","male","1970-12-05","zmwt@lik.gft","4785393847","677876154","","Noemy Mission","Lake Glenstad","CD0 4AD","","NN1745433","70","12","05"
"373107","373107 T","559311531399715339","Warren Kiehn","Erdman","male","1994-01-13","fe@qc.cht","7163614596","863242491","Apt. 763","Hermina Pines","South Mitchel","CC19 1AD","Minnesota","NN7315359","94","01","13"
"174292","174292 T","428849693174517562","Rodger Collins II","Abernathy","male","1979-04-01","e@qrbgewmka.lni","9632932168","752344314","Apt. 078","Johns Causeway","Johnsshire","CA3 1BB","Minnesota","NN1173877","79","04","01"
"787697","787697 T","757582739884515536","Aaliyah Haley II","Hills","male","1999-07-01","svcyfat@r.xmw","4385942631","368583177","Suite 678","Ari Passage","Davehaven","AA2 14DA","North Dakota","NN6312339","99","07","01"
"219907","219907 T","944652175751984397","Raina Gislason V","Renner","female","1973-06-18","tyzv@mh.hpn","8427536593","323133677","Apt. 146","Lloyd Island","Port Amari","CB08 4DB","Utah","NN5931179","73","06","18"
"639867","639867 T","233266843621497826","Floyd Howe","Hayes","male","1981-08-10","rsfciqz@cwklsfatd.kvg","1373818231","416186779","Suite 783","Howe Trafficway","Lake Ariport","DA16 9CB","Connecticut","NN5629994","81","08","10"
"592423","592423 T","772723241443262251","Domenic Ziemann","Runolfsson","male","1978-12-27","g@d.mwe","6732964871","532244713","Apt. 756","Macejkovic Station","South Andrestown","BD4 81BB","Alaska","NN7418149","78","12","27"
"307007","307007 T","845869945699589221","Prof. Myrtle Jaskolski II","Fadel","female","1978-05-16","ia@etnkxvsmcg.bur","2956394631","171167832","Apt. 053","Dooley Mills","Gusikowskiport","BC3 72DA","Connecticut","NN1132769","78","05","16"
"45769","45768 T","244359897992141714","Sid Cormier DVM","Mohr","female","1991-03-09","ixveygdl@wbox.ucn","6814563761","977176138","Apt. 672","Will Dale","North Dedrickfurt","AA5 56DD","Wisconsin","NN5421187","91","03","09"
"294998","294998 T","172433465779245458","Prof. Bennett Champlin I","Raynor","female","1973-05-21","ospwemfi@xgs.rhw","3421853456","691545485","Suite 211","Kihn Flats","North Gage","CB67 41AB","Kentucky","NN2557118","73","05","21"
"649469","649469 T","728174159362242522","Kasandra Bahringer","Cruickshank","female","1982-04-22","vaolj@kqizbumox.doc","3654578791","128198321","Apt. 921","Adelle Knoll","East Dale","BD4 5DA","Iowa","NN4364635","82","04","22"
"746624","746623 T","151159794452539694","Jermaine Sawayn","Stokes","female","1985-04-14","yedzmkf@clmiy.sqj","4279353674","327832768","Apt. 621","Gerlach Square","Dickensfurt","CC6 1CD","Nevada","NN7151236","85","04","14"
"787013","787013 T","385545629125188778","Devyn Herman","Lakin","male","1983-06-02","t@ufzvtj.dsm","9378735938","418913553","Apt. 517","Heaney Valley","","AD51 89BB","Tennessee","NN5727351","83","06","02"
"290970","290970 T","887192231646829718","Dr. Jarrell Anderson","Mante","female","1987-02-07","w@elqafdrys.gvy","3492463861","443422223","Apt. 214","Erika Port","Floydside","DA76 9CC","Rhode Island","NN1294696","87","02","07"
"692079","692079 T","872877419884995222","Mariana Schimmel","Hauck","male","1975-07-31","zaldijguw@jeqpwfcay.tnp","6428159542","577463853","Suite 744","Estelle Run","Lake Adellemouth","CA28 04AB","Massachusetts","NN5424884","75","07","31"
"456620","456620 T","531456994163934359","Kirk Halvorson PhD","Hoppe","male","1995-02-19","legktprx@dfpma.oqx","4198434632","932399428","Suite 225","Murazik Roads","Reichelville","CD7 59BD","South Dakota","NN8775373","95","02","19"
"792831","792831 T","189469646876574976","Dr. Mike Stamm","Wisozk","female","1976-10-16","ntaps@dkqijmyw.lky","5188437231","936552823","Suite 884","Fritsch Shoal","Padbergtown","DB1 80CD","Mississippi","NN2545453","76","10","16"
"562620","562620 T","946659716879221592","Miss Meghan Dietrich","Erdman","male","1995-02-01","dstak@ajoxse.saf","7386955279","518348618","Apt. 515","McKenzie Vista","Turcottefurt","","Kansas","NN2586989","95","02","01"
"931759","931758 T","519392229598993337","Dr. Ezra Breitenberg DVM","Bechtelar","female","1984-06-15","d@fduxy.iec","3177186123","846978629","Apt. 118","VonRueden Turnpike","Port Trent","CC13 6BA","Washington","NN1565898","84","06","15"
"258244","258244 T","452697625156375671","Cathy Graham","Kovacek","male","1986-08-07","qzawub@uow.yhf","7929657493","197939449","Apt. 929","Price Valleys","","BA24 43CA","Rhode Island","NN8592444","86","08","07"
"896693","896692 T","813459494783597768","Casimir Koelpin","Pacocha","female","1996-07-31","roklsgm@l.vko","8958274578","","Apt. 834","Chad Fields","South Linnie","BD0 42DD","Hawaii","NN9412351","96","07","31"
"670992","670992 T","638173521167679563","Orpha Terry I","Blick","male","1990-08-12","pkjhgdy@wukjo.hqi","8639268795","984594858","Apt. 109","","Demetrisfurt","DB06 6AA","Kansas","NN6186583","90","08","12"
"436815","436815 T","772345179692959696","Ms. Jaquelin Conroy DVM","Beatty","male","1970-06-13","scyxlpneaj@tovlq.cia","5636414127","163475763","Apt. 214","Walsh Forest","Wolffchester","DA2 73DA","Georgia","NN1724453","70","06","13"
"905265","905265 T","114779535136731362","Prof. Dylan Koepp","Klocko","female","1976-06-13","cleqjvs@u.gka","9418736742","295726751","Apt. 768","Brenda Center","Raynorchester","AD3 5AD","Texas","NN2526293","76","06","13"
"693044","693044 T","773515298898955331","Alfreda Hintz","Wisozk","male","1974-10-18","gifsq@eszl.hoa","7323461432","854979748","Suite 741","Mosciski Wall","Port Bettyeton","AA80 30CC","Wisconsin","NN6883464","74","10","18"
"275876","275876 T","625453934595485398","German Mante","Macejkovic","male","1993-04-15","fh@mptsrxd.taf","7242146839","323898835","Apt. 838","Greenholt Rest","West Kayleigh","CB1 5CA","Texas","NN1345511","93","04","15"
"868959","868959 T","964682244546961831","Mrs. Henriette Heidenreich","Rippin","male","1988-01-09","xqgthckbsz@ylbdwaczh.sag","8967637942","615573691","Suite 308","Marcelo Lakes","Christianaview","AA21 5BC","Michigan","NN4329386","88","01","09"
"455195","455195 T","464878844824612227","Noemy Wisozk","Corwin","male","1971-08-24","arom@ofnpthquz.udt","5278692178","773153959","Apt. 051","Agnes Ports","Blickland","AA47 8BB","Colorado","NN8635476","71","08","24"
"695258","695258 T","312615937261569232","Paige O'Connell III","Gerhold","female","1999-07-30","uxjzpmha@wknse.vzc","5695218129","426278329","Apt. 548","Meagan Harbor","South Abby","BA26 56CD","New York","NN7363589","99","07","30"
"109560","109560 T","846523492956791793","Miss Leda Heathcote PhD","Fadel","male","1970-12-24","axsmtkeqz@qoifydbx.wuj","5982652749","823187336","Suite 843","Collins Neck","Lake Alveraburgh","AA4 03CD","Pennsylvania","NN5139873","70","12","24"
"832583","832583 T","781625144715669155","Vallie Rath","Toy","male","1989-03-06","hlm@odq.rsy","1598495763","756477771","Apt. 321","Ledner Keys","Lake Heidimouth","DA23 2DC","Pennsylvania","NN4713384","89","03","06"
"157963","157963 T","254914428189837963","Mr. Milo Schamberger MD","Hintz","female","1999-07-26","kyreiox@rubicl.kwp","8424387218","986247444","Suite 168","Reilly Villages","Johnstonshire","AA0 25BD","Tennessee","NN5551927","99","07","26"
"186010","186010 T","492224383238974613","Yazmin Renner","Wolff","male","1971-03-20","tqld@arvqxu.pal","9569373421","918945432","Apt. 861","Braun Dam","North Vellaport","BB4 90AB","Minnesota","NN9112445","71","03","20"
"764783","764783 T","521617829135396615","Ms. Kayla O'Reilly I","Koelpin","female","1978-01-15","mskgxenw@viagz.gwt","6345868762","759341746","Suite 715","Maude Squares","","AB9 4DC","South Dakota","NN1571417","78","01","15"
"304516","304516 T","386837211636433213","Bernhard McDermott I","Koelpin","male","1999-06-22","lwd@knflyxchrm.rkb","4562343915","861252261","Apt. 500","Rickie Village","East Ernie","","Delaware","NN6355842","99","06","22"
"28270","28270 T","421353463339737777","Blanche Wuckert","Toy","male","1997-04-24","dqr@ldbkaxhre.nsq","6399686458","713422426","Apt. 309","Alanna Lake","Skilesberg","AA37 87AD","New Jersey","NN5625592","97","04","24"
"71226","71226 T","613493537117421713","Adalberto Casper","Walker","female","1985-07-27","jgxzoc@kzxedfcpo.syv","3428395821","873275259","Suite 039","Ricardo Way","South Gerhard","CC1 88DC","Illinois","NN2596577","85","07","27"
"155362","155362 T","853135748771883839","Dr. Nathanial Schinner IV","Schuppe","female","1996-06-08","va@pjufmcxz.gna","3165948216","139962266","Apt. 149","Berge Well","New Lowell","BD96 1DC","North Dakota","NN7969839","96","06","08"
"391721","391721 T","928464299596769636","Dr. Rosendo Zulauf IV","Kuhlman","female","1986-11-20","mlvfgixqy@bcdnyufp.yzb","8797417618","755423536","Suite 271","Kunde Mount","","CB7 4BB","Indiana","NN9818716","86","11","20"
