"","id","record.id","some.id","firstname","lastname","gender","birth.date","email","m.nmbr","h.nmbr","addr.1","addr.2","cityname","postcode","county","nis","b.year","b.month","b.day","Weight"
"1"," 313","3945","451535288541429696","Ms. Sunny Gleichner MD","Grant","female","1989-03-04","gunnar.konopelski@mitchell.net","987777775","153893517","Apt. 317","McLaughlin Walks","Jonstonborough","DC26 07CD","Rhode Island","BD8624349","89","03","04",""
"2","2040","3945 C","248942961561161948","Orval Howe","Grant","male","1989-03-04","gunnar.konopelski@mitchell.net","987777775","153893517","Apt. 317","McLaughlin Walks","Johnstonborough","DC26 07CD","Rhode Island","BD8624349","95","07","25","0.6550494"
"3","","","","","","","","","","","","","","","","","","","",""
"4"," 313","3945","451535288541429696","Ms. Sunny Gleichner MD","Grant","female","1989-03-04","gunnar.konopelski@mitchell.net","987777775","153893517","Apt. 317","McLaughlin Walks","Jonstonborough","DC26 07CD","Rhode Island","BD8624349","89","03","04",""
"5","2240","3945 C","248942961561161948","Orval Howe","Grant","male","1989-03-04","gunnar.konopelski@mitchell.net","987777775","153893517","Apt. 317","McLaughlin Walks","Johnstonborough","DC26 07CD","Rhode Island","BD8624349","95","07","25","0.6550494"
"6","","","","","","","","","","","","","","","","","","","",""
"7","  33","3037","479191549132536320","Mr. Thad Leffler II","Connelly","male","1989-07-12","maureen.cremin@yahoo.com","374647796","511664447","Suite 517","Saterfield Groves","Lake Ulicesmouth","AC4 11CA","District of Columbia","BA3292271","89","07","12",""
"8","2178","3037 C","825179513745765815","Christiana Wolf","Connelly","female","1989-07-12","maureen.cremin@yahoo.com","374647796","511664447","Suite 517","Satterfield Groves","Lake Ulicesmouth","AC4 11CA","District of Columbia","BA3292271","92","03","20","0.6548856"
"9","","","","","","","","","","","","","","","","","","","",""
"10","  33","3037","479191549132536320","Mr. Thad Leffler II","Connelly","male","1989-07-12","maureen.cremin@yahoo.com","374647796","511664447","Suite 517","Saterfield Groves","Lake Ulicesmouth","AC4 11CA","District of Columbia","BA3292271","89","07","12",""
"11","2378","3037 C","825179513745765815","Christiana Wolf","Connelly","female","1989-07-12","maureen.cremin@yahoo.com","374647796","511664447","Suite 517","Satterfield Groves","Lake Ulicesmouth","AC4 11CA","District of Columbia","BA3292271","92","03","20","0.6548856"
"12","","","","","","","","","","","","","","","","","","","",""
"13"," 180","2976","957957164129858432","Leonardo Moen","Kihn","male","1990-11-10","zora56@torphy.com","561862987","517126899","Suite 454","Barton Overpas","East Shakiraport","DD2 0AD","South Dakota","AB6708988","90","11","10",""
"14","2079","2976 C","745213179859777472","Aliza Christiansen","Kihn","female","1990-11-10","zora56@torphy.com","561862987","517126899","Suite 454","Barton Overpass","East Shakiraport","DD2 0AD","South Dakota","AB6708988","71","06","19","0.6548856"
"15","","","","","","","","","","","","","","","","","","","",""
"16"," 180","2976","957957164129858432","Leonardo Moen","Kihn","male","1990-11-10","zora56@torphy.com","561862987","517126899","Suite 454","Barton Overpas","East Shakiraport","DD2 0AD","South Dakota","AB6708988","90","11","10",""
"17","2279","2976 C","745213179859777472","Aliza Christiansen","Kihn","female","1990-11-10","zora56@torphy.com","561862987","517126899","Suite 454","Barton Overpass","East Shakiraport","DD2 0AD","South Dakota","AB6708988","71","06","19","0.6548856"
"18","","","","","","","","","","","","","","","","","","","",""
"19"," 422","8696","544136613747911296","Esteban Gerlach","Kertzmann","male","1986-05-17","joaquin40@yahoo.com","399813266","259189648","Suite 961","Schmit Well","West Estella","CA59 5AB","Vermont","CA0885822","86","05","17",""
"20","2094","8696 C","936155145326214187","Colt Stracke","Kertzmann","female","1986-05-17","joaquin40@yahoo.com","399813266","259189648","Suite 961","Schmitt Well","West Estella","CA59 5AB","Vermont","CA0885822","90","09","03","0.6548856"
"21","","","","","","","","","","","","","","","","","","","",""
"22"," 422","8696","544136613747911296","Esteban Gerlach","Kertzmann","male","1986-05-17","joaquin40@yahoo.com","399813266","259189648","Suite 961","Schmit Well","West Estella","CA59 5AB","Vermont","CA0885822","86","05","17",""
"23","2294","8696 C","936155145326214187","Colt Stracke","Kertzmann","female","1986-05-17","joaquin40@yahoo.com","399813266","259189648","Suite 961","Schmitt Well","West Estella","CA59 5AB","Vermont","CA0885822","90","09","03","0.6548856"
"24","","","","","","","","","","","","","","","","","","","",""
"25","1255","3079","419954378142449152","Prof. Omer Pfeffer","Hammes","male","1997-04-29","freddie60@gmail.com","838885865","599978488","Apt. 283","Hacket Ports","Mitchelberg","AC1 91CD","District of Columbia","CA3389177","97","04","29",""
"26","2199","3079 C","686385557558679661","Colleen Morar","Hammes","female","1997-04-29","freddie60@gmail.com","838885865","599978488","Apt. 283","Hackett Ports","Mitchelberg","AC1 91CD","District of Columbia","CA3389177","84","02","21","0.6548856"
"27","","","","","","","","","","","","","","","","","","","",""
"28","1255","3079","419954378142449152","Prof. Omer Pfeffer","Hammes","male","1997-04-29","freddie60@gmail.com","838885865","599978488","Apt. 283","Hacket Ports","Mitchelberg","AC1 91CD","District of Columbia","CA3389177","97","04","29",""
"29","2399","3079 C","686385557558679661","Colleen Morar","Hammes","female","1997-04-29","freddie60@gmail.com","838885865","599978488","Apt. 283","Hackett Ports","Mitchelberg","AC1 91CD","District of Columbia","CA3389177","84","02","21","0.6548856"
"30","","","","","","","","","","","","","","","","","","","",""
"31","1291","1093","944929254745357568","Doug Waelchi","Rice","male","1999-04-27","mvon@johns.net","762433877","494757545","Apt. 541","Stanton Mision","North Deborahfort","BA71 0AA","South Carolina","CB5020379","99","04","27",""
"32","2052","1093 C","853358432438598284","Benny Ruecker","Rice","female","1999-04-27","mvon@johns.net","762433877","494757545","Apt. 541","Stanton Mission","North Deborahfort","BA71 0AA","South Carolina","CB5020379","90","10","19","0.6548856"
"33","","","","","","","","","","","","","","","","","","","",""
"34","1291","1093","944929254745357568","Doug Waelchi","Rice","male","1999-04-27","mvon@johns.net","762433877","494757545","Apt. 541","Stanton Mision","North Deborahfort","BA71 0AA","South Carolina","CB5020379","99","04","27",""
"35","2252","1093 C","853358432438598284","Benny Ruecker","Rice","female","1999-04-27","mvon@johns.net","762433877","494757545","Apt. 541","Stanton Mission","North Deborahfort","BA71 0AA","South Carolina","CB5020379","90","10","19","0.6548856"
"36","","","","","","","","","","","","","","","","","","","",""
"37"," 207","3014","548749964561443328","Eli Runolfsdotir","O'Keefe","male","1973-07-06","geovany.armstrong@gotlieb.com","665196632","749486195","Apt. 061","Brown Turnpike","Pacochafurt","CD5 52CD","New York","AB7912515","73","07","06",""
"38","2150","3014 C","455352231195321693","Braeden McClure I","O'Keefe","female","1973-07-06","geovany.armstrong@gottlieb.com","665196632","749486195","Apt. 061","Brown Turnpike","Pacochafurt","CD5 52CD","New York","AB7912515","98","02","27","0.6548228"
"39","","","","","","","","","","","","","","","","","","","",""
"40"," 207","3014","548749964561443328","Eli Runolfsdotir","O'Keefe","male","1973-07-06","geovany.armstrong@gotlieb.com","665196632","749486195","Apt. 061","Brown Turnpike","Pacochafurt","CD5 52CD","New York","AB7912515","73","07","06",""
"41","2350","3014 C","455352231195321693","Braeden McClure I","O'Keefe","female","1973-07-06","geovany.armstrong@gottlieb.com","665196632","749486195","Apt. 061","Brown Turnpike","Pacochafurt","CD5 52CD","New York","AB7912515","98","02","27","0.6548228"
"42","","","","","","","","","","","","","","","","","","","",""
"43"," 398","5152","289445191775716608","Candido Considine I","Mosciski","male","1974-10-22","laureta84@pouros.com","658774887","275359212","Suite 302","Sporer Cliff","New Dashawn","CB9 36AC","Indiana","BA9846572","74","10","22",""
"44","2054","5152 C","638622412394826174","Arne Pagac","Mosciski","female","1974-10-22","lauretta84@pouros.com","658774887","275359212","Suite 302","Sporer Cliff","New Dashawn","CB9 36AC","Indiana","BA9846572","96","04","06","0.6548228"
"45","","","","","","","","","","","","","","","","","","","",""
"46"," 398","5152","289445191775716608","Candido Considine I","Mosciski","male","1974-10-22","laureta84@pouros.com","658774887","275359212","Suite 302","Sporer Cliff","New Dashawn","CB9 36AC","Indiana","BA9846572","74","10","22",""
"47","2254","5152 C","638622412394826174","Arne Pagac","Mosciski","female","1974-10-22","lauretta84@pouros.com","658774887","275359212","Suite 302","Sporer Cliff","New Dashawn","CB9 36AC","Indiana","BA9846572","96","04","06","0.6548228"
"48","","","","","","","","","","","","","","","","","","","",""
"49","1202","9763","793784844342744448","Elwin Krajcik II","Reichert","male","1976-01-22","litel.crystal@yahoo.com","683558594","585352382","Apt. 745","Rath Locks","Port Austenfort","DC74 6AB","Iowa","BB3744372","76","01","22",""
"50","2118","9763 C","974269986685892132","Percival Hayes","Reichert","female","1976-01-22","littel.crystal@yahoo.com","683558594","585352382","Apt. 745","Rath Locks","Port Austenfort","DC74 6AB","Iowa","BB3744372","79","02","13","0.6548228"
"51","","","","","","","","","","","","","","","","","","","",""
"52","1202","9763","793784844342744448","Elwin Krajcik II","Reichert","male","1976-01-22","litel.crystal@yahoo.com","683558594","585352382","Apt. 745","Rath Locks","Port Austenfort","DC74 6AB","Iowa","BB3744372","76","01","22",""
"53","2318","9763 C","974269986685892132","Percival Hayes","Reichert","female","1976-01-22","littel.crystal@yahoo.com","683558594","585352382","Apt. 745","Rath Locks","Port Austenfort","DC74 6AB","Iowa","BB3744372","79","02","13","0.6548228"
"54","","","","","","","","","","","","","","","","","","","",""
"55","1896","5832","186575879813133280","Cathryn Lockman","Beahan","female","1994-01-07","jazmyne.saterfield@gmail.com","757882731","156135524","Suite 671","Homenick Falls","Connellyville","BB4 92DC","Colorado","CA7321605","94","01","07",""
"56","2194","5832 C","874312388238243857","Eliza Cassin","Beahan","male","1994-01-07","jazmyne.satterfield@gmail.com","757882731","156135524","Suite 671","Homenick Falls","Connellyville","BB4 92DC","Colorado","CA7321605","92","12","14","0.6548228"
"57","","","","","","","","","","","","","","","","","","","",""
"58","1896","5832","186575879813133280","Cathryn Lockman","Beahan","female","1994-01-07","jazmyne.saterfield@gmail.com","757882731","156135524","Suite 671","Homenick Falls","Connellyville","BB4 92DC","Colorado","CA7321605","94","01","07",""
"59","2394","5832 C","874312388238243857","Eliza Cassin","Beahan","male","1994-01-07","jazmyne.satterfield@gmail.com","757882731","156135524","Suite 671","Homenick Falls","Connellyville","BB4 92DC","Colorado","CA7321605","92","12","14","0.6548228"
"60","","","","","","","","","","","","","","","","","","","",""
"61","1991","3320","227929648229138912","Dax Ebert","Bechtelar","male","1971-03-07","opollich@goyete.com","225161199","844945336","Apt. 516","Weissnat Extension","Ivybury","DD49 8CD","Pennsylvania","CD3397561","71","03","07",""
"62","2148","3320 C","674793971473654339","Dr. Bryon Eichmann","Bechtelar","female","1971-03-07","opollich@goyette.com","225161199","844945336","Apt. 516","Weissnat Extension","Ivybury","DD49 8CD","Pennsylvania","CD3397561","82","10","10","0.6548228"
"63","","","","","","","","","","","","","","","","","","","",""
"64","1991","3320","227929648229138912","Dax Ebert","Bechtelar","male","1971-03-07","opollich@goyete.com","225161199","844945336","Apt. 516","Weissnat Extension","Ivybury","DD49 8CD","Pennsylvania","CD3397561","71","03","07",""
"65","2348","3320 C","674793971473654339","Dr. Bryon Eichmann","Bechtelar","female","1971-03-07","opollich@goyette.com","225161199","844945336","Apt. 516","Weissnat Extension","Ivybury","DD49 8CD","Pennsylvania","CD3397561","82","10","10","0.6548228"
"66","","","","","","","","","","","","","","","","","","","",""
"67","1257","7349","221514731497743168","Mr. Beau Hirthe","Medhurst","male","1989-07-31","zvon@wintheiser.com","621283573","","Suite 373","Sandra Court","Estefaniamouth","AD37 2CD","Misouri","DD3130657","89","07","31",""
"68","2142","7349 C","951564872222194813","Addison Medhurst","Medhurst","female","1989-07-31","zvon@wintheiser.com","621283573","","Suite 373","Sandra Court","Estefaniamouth","AD37 2CD","Missouri","DD3130657","77","03","20","0.6177106"
"69","","","","","","","","","","","","","","","","","","","",""
"70","1257","7349","221514731497743168","Mr. Beau Hirthe","Medhurst","male","1989-07-31","zvon@wintheiser.com","621283573","","Suite 373","Sandra Court","Estefaniamouth","AD37 2CD","Misouri","DD3130657","89","07","31",""
"71","2342","7349 C","951564872222194813","Addison Medhurst","Medhurst","female","1989-07-31","zvon@wintheiser.com","621283573","","Suite 373","Sandra Court","Estefaniamouth","AD37 2CD","Missouri","DD3130657","77","03","20","0.6177106"
"72","","","","","","","","","","","","","","","","","","","",""
"73","1396","3379","521883449517372416","Adolfo Jonston","Stanton","male","1985-04-04","dickens.rose@gmail.com","257129152","","Apt. 940","Lou Gardens","Bergeland","AA2 8AA","Masachusets","BC1547833","85","04","04",""
"74","2202","3379 C","318226839681856434","Larue Kertzmann","Stanton","female","1985-04-04","dickens.rose@gmail.com","257129152","","Apt. 940","Lou Gardens","Bergeland","AA2 8AA","Massachusetts","BC1547833","81","02","17","0.6177106"
"75","","","","","","","","","","","","","","","","","","","",""
"76","1396","3379","521883449517372416","Adolfo Jonston","Stanton","male","1985-04-04","dickens.rose@gmail.com","257129152","","Apt. 940","Lou Gardens","Bergeland","AA2 8AA","Masachusets","BC1547833","85","04","04",""
"77","2402","3379 C","318226839681856434","Larue Kertzmann","Stanton","female","1985-04-04","dickens.rose@gmail.com","257129152","","Apt. 940","Lou Gardens","Bergeland","AA2 8AA","Massachusetts","BC1547833","81","02","17","0.6177106"
"78","","","","","","","","","","","","","","","","","","","",""
"79","1722","2478","662226434875741696","Kity Ziemann II","Skiles","female","1982-05-11","reta29@nolan.com","441129356","","Apt. 803","Ruecker Gardens","Elinoreborough","AA99 6BD","Wyoming","CC9487738","82","05","11",""
"80","2034","2478 C","295395545427437254","Delphine Konopelski","Skiles","male","1982-05-11","retta29@nolan.com","441129356","","Apt. 803","Ruecker Gardens","Elinoreborough","AA99 6BD","Wyoming","CC9487738","90","10","11","0.6164026"
"81","","","","","","","","","","","","","","","","","","","",""
"82","1722","2478","662226434875741696","Kity Ziemann II","Skiles","female","1982-05-11","reta29@nolan.com","441129356","","Apt. 803","Ruecker Gardens","Elinoreborough","AA99 6BD","Wyoming","CC9487738","82","05","11",""
"83","2234","2478 C","295395545427437254","Delphine Konopelski","Skiles","male","1982-05-11","retta29@nolan.com","441129356","","Apt. 803","Ruecker Gardens","Elinoreborough","AA99 6BD","Wyoming","CC9487738","90","10","11","0.6164026"
"84","","","","","","","","","","","","","","","","","","","",""
"85"," 737","4461","835668926789581312","Eveline Will","Doyle","female","1981-12-19","resie83@mraz.com","667684459","146693191","Suite 787","Breitenberg Gateway","East Jakaylaport","BD9 77AC","Misouri","CC4418018","81","12","19",""
"86","2129","4461 C","436749337273354341","Dr. Mireya Gutmann","Doyle","male","1981-12-19","ressie83@mraz.com","667684459","146693191","Suite 787","Breitenberg Gateway","East Jakaylaport","BD9 77AC","Missouri","CC4418018","90","10","27","0.6122688"
"87","","","","","","","","","","","","","","","","","","","",""
"88"," 737","4461","835668926789581312","Eveline Will","Doyle","female","1981-12-19","resie83@mraz.com","667684459","146693191","Suite 787","Breitenberg Gateway","East Jakaylaport","BD9 77AC","Misouri","CC4418018","81","12","19",""
"89","2329","4461 C","436749337273354341","Dr. Mireya Gutmann","Doyle","male","1981-12-19","ressie83@mraz.com","667684459","146693191","Suite 787","Breitenberg Gateway","East Jakaylaport","BD9 77AC","Missouri","CC4418018","90","10","27","0.6122688"
"90","","","","","","","","","","","","","","","","","","","",""
"91","1674","9350","479834316185376768","Karine Collier","Bradtke","female","1993-12-06","marquardt.quentin@gmail.com","331532244","","Suite 245","Antoinete Hill","Mayerfurt","AA75 7BD","Georgia","CC4284041","93","12","06",""
"92","2134","9350 C","616243245679891547","Ms. Isabell Connelly","Bradtke","male","1993-12-06","marquardt.quentin@gmail.com","331532244","","Suite 245","Antoinette Hill","Mayerfurt","AA75 7BD","Georgia","CC4284041","86","12","18","0.6064942"
"93","","","","","","","","","","","","","","","","","","","",""
"94","1674","9350","479834316185376768","Karine Collier","Bradtke","female","1993-12-06","marquardt.quentin@gmail.com","331532244","","Suite 245","Antoinete Hill","Mayerfurt","AA75 7BD","Georgia","CC4284041","93","12","06",""
"95","2334","9350 C","616243245679891547","Ms. Isabell Connelly","Bradtke","male","1993-12-06","marquardt.quentin@gmail.com","331532244","","Suite 245","Antoinette Hill","Mayerfurt","AA75 7BD","Georgia","CC4284041","86","12","18","0.6064942"
"96","","","","","","","","","","","","","","","","","","","",""
"97","  95","1043","252846957825577120","Prof. Mitie Kos II","Sporer","female","1973-01-17","destiny.mertz@hotmail.com","658225134","","Suite 193","Litle Ridge","Halvorsonview","CB40 5AC","Alaska","CD2868455","73","01","17",""
"98","2185","1043 C","917523879782215942","Bailey Hagenes","Sporer","male","1973-01-17","destiny.mertz@hotmail.com","658225134","","Suite 193","Little Ridge","Halvorsonview","CB40 5AC","Alaska","CD2868455","75","10","01","0.5804930"
"99","","","","","","","","","","","","","","","","","","","",""
"100","  95","1043","252846957825577120","Prof. Mitie Kos II","Sporer","female","1973-01-17","destiny.mertz@hotmail.com","658225134","","Suite 193","Litle Ridge","Halvorsonview","CB40 5AC","Alaska","CD2868455","73","01","17",""
"101","2385","1043 C","917523879782215942","Bailey Hagenes","Sporer","male","1973-01-17","destiny.mertz@hotmail.com","658225134","","Suite 193","Little Ridge","Halvorsonview","CB40 5AC","Alaska","CD2868455","75","10","01","0.5804930"
"102","","","","","","","","","","","","","","","","","","","",""
"103","1331","9040","134169328169395824","Antonina McLaughlin DDS","Brakus","female","1994-04-22","vonrueden.jana@howell.com","787848776","","Suite 523","Ondricka Crosing","Jeromyport","CA33 2AA","California","AC1363017","94","04","22",""
"104","2093","9040 C","744191332686284727","Ms. Mikayla Grant","Brakus","male","1994-04-22","vonrueden.jana@howell.com","787848776","","Suite 523","Ondricka Crossing","Jeromyport","CA33 2AA","California","AC1363017","80","08","13","0.5804930"
"105","","","","","","","","","","","","","","","","","","","",""
"106","1331","9040","134169328169395824","Antonina McLaughlin DDS","Brakus","female","1994-04-22","vonrueden.jana@howell.com","787848776","","Suite 523","Ondricka Crosing","Jeromyport","CA33 2AA","California","AC1363017","94","04","22",""
"107","2293","9040 C","744191332686284727","Ms. Mikayla Grant","Brakus","male","1994-04-22","vonrueden.jana@howell.com","787848776","","Suite 523","Ondricka Crossing","Jeromyport","CA33 2AA","California","AC1363017","80","08","13","0.5804930"
"108","","","","","","","","","","","","","","","","","","","",""
"109"," 346","9701","184826269132541152","Dr. Paige Goldner","Wuckert","female","1991-06-02","joyce96@luetgen.biz","786846333","","Apt. 046","Auer Divide","Patsymouth","BD11 6BB","Utah","AA8575569","91","06","02",""
"110","2153","9701 C","234278392822848636","Dr. Shana Sipes DVM","Wuckert","male","1991-06-02","joyce96@luettgen.biz","786846333","","Apt. 046","Auer Divide","Patsymouth","BD11 6BB","Utah","AA8575569","88","02","01","0.5804302"
"111","","","","","","","","","","","","","","","","","","","",""
"112"," 346","9701","184826269132541152","Dr. Paige Goldner","Wuckert","female","1991-06-02","joyce96@luetgen.biz","786846333","","Apt. 046","Auer Divide","Patsymouth","BD11 6BB","Utah","AA8575569","91","06","02",""
"113","2353","9701 C","234278392822848636","Dr. Shana Sipes DVM","Wuckert","male","1991-06-02","joyce96@luettgen.biz","786846333","","Apt. 046","Auer Divide","Patsymouth","BD11 6BB","Utah","AA8575569","88","02","01","0.5804302"
"114","","","","","","","","","","","","","","","","","","","",""
"115"," 400","3518","281537783255963456","Nia Herman","Rusel","female","1999-03-03","theo.kemmer@rusel.net","697284428","","Suite 561","Catharine Wells","North Kayleigh","BC6 7DA","Kansas","DD7783472","99","03","03",""
"116","2124","3518 C","824779793122382547","Alexander Rau","Russel","male","1999-03-03","theo.kemmer@russel.net","697284428","","Suite 561","Catharine Wells","North Kayleigh","BC6 7DA","Kansas","DD7783472","91","07","16","0.5804302"
"117","","","","","","","","","","","","","","","","","","","",""
"118"," 400","3518","281537783255963456","Nia Herman","Rusel","female","1999-03-03","theo.kemmer@rusel.net","697284428","","Suite 561","Catharine Wells","North Kayleigh","BC6 7DA","Kansas","DD7783472","99","03","03",""
"119","2324","3518 C","824779793122382547","Alexander Rau","Russel","male","1999-03-03","theo.kemmer@russel.net","697284428","","Suite 561","Catharine Wells","North Kayleigh","BC6 7DA","Kansas","DD7783472","91","07","16","0.5804302"
"120","","","","","","","","","","","","","","","","","","","",""
"121"," 684","2735","887351995889785344","Neha Cartwright","Collins","female","1973-08-11","tobin.walker@weisnat.com","687673797","","Apt. 328","Kub Wells","North Jacklynshire","CB1 6AD","Iowa","BB6147131","73","08","11",""
"122","2110","2735 C","582672338338635237","Avis Hamill","Collins","male","1973-08-11","tobin.walker@weissnat.com","687673797","","Apt. 328","Kub Wells","North Jacklynshire","CB1 6AD","Iowa","BB6147131","94","05","09","0.5804302"
"123","","","","","","","","","","","","","","","","","","","",""
"124"," 684","2735","887351995889785344","Neha Cartwright","Collins","female","1973-08-11","tobin.walker@weisnat.com","687673797","","Apt. 328","Kub Wells","North Jacklynshire","CB1 6AD","Iowa","BB6147131","73","08","11",""
"125","2310","2735 C","582672338338635237","Avis Hamill","Collins","male","1973-08-11","tobin.walker@weissnat.com","687673797","","Apt. 328","Kub Wells","North Jacklynshire","CB1 6AD","Iowa","BB6147131","94","05","09","0.5804302"
"126","","","","","","","","","","","","","","","","","","","",""
"127"," 706","1083","879469887992643712","Gust Tromp","Jacobi","male","1994-09-05","jesika.lang@yahoo.com","237288326","","Suite 075","Armand Forest","Kirstenmouth","CA20 99AA","Washington","DC5208243","94","09","05",""
"128","2095","1083 C","436229388594735856","Cristian Rodriguez","Jacobi","female","1994-09-05","jessika.lang@yahoo.com","237288326","","Suite 075","Armand Forest","Kirstenmouth","CA20 99AA","Washington","DC5208243","70","05","19","0.5804302"
"129","","","","","","","","","","","","","","","","","","","",""
"130"," 706","1083","879469887992643712","Gust Tromp","Jacobi","male","1994-09-05","jesika.lang@yahoo.com","237288326","","Suite 075","Armand Forest","Kirstenmouth","CA20 99AA","Washington","DC5208243","94","09","05",""
"131","2295","1083 C","436229388594735856","Cristian Rodriguez","Jacobi","female","1994-09-05","jessika.lang@yahoo.com","237288326","","Suite 075","Armand Forest","Kirstenmouth","CA20 99AA","Washington","DC5208243","70","05","19","0.5804302"
"132","","","","","","","","","","","","","","","","","","","",""
"133","1782","9671","431188689831686848","Olin Goldner","Langosh","male","1977-11-16","nbreitenberg@witing.net","361843389","","Suite 885","Koelpin Haven","Gerlachville","AB73 9DC","Georgia","BC8438824","77","11","16",""
"134","2071","9671 C","535569325736489171","Ms. Isabell Connelly","Langosh","female","1977-11-16","nbreitenberg@witting.net","361843389","","Suite 885","Koelpin Haven","Gerlachville","AB73 9DC","Georgia","BC8438824","92","09","13","0.5804302"
"135","","","","","","","","","","","","","","","","","","","",""
"136","1782","9671","431188689831686848","Olin Goldner","Langosh","male","1977-11-16","nbreitenberg@witing.net","361843389","","Suite 885","Koelpin Haven","Gerlachville","AB73 9DC","Georgia","BC8438824","77","11","16",""
"137","2271","9671 C","535569325736489171","Ms. Isabell Connelly","Langosh","female","1977-11-16","nbreitenberg@witting.net","361843389","","Suite 885","Koelpin Haven","Gerlachville","AB73 9DC","Georgia","BC8438824","92","09","13","0.5804302"
"138","","","","","","","","","","","","","","","","","","","",""
"139"," 153","810","429871757125358272","Georgete Becker DDS","Hintz","female","1983-12-07","hildegard66@herman.com","266867554","986248484","Apt. 005","Vita Crosing","West Jarviside","BC0 0AB","Virginia","DB7910854","83","12","07",""
"140","2157","810 C","842762132936773259","Mr. Chet Walsh","Hintz","male","1983-12-07","hildegard66@herman.com","266867554","986248484","Apt. 005","Vita Crossing","West Jarvisside","BC0 0AB","Virginia","DB7910854","86","06","31","0.5752777"
"141","","","","","","","","","","","","","","","","","","","",""
"142"," 153","810","429871757125358272","Georgete Becker DDS","Hintz","female","1983-12-07","hildegard66@herman.com","266867554","986248484","Apt. 005","Vita Crosing","West Jarviside","BC0 0AB","Virginia","DB7910854","83","12","07",""
"143","2357","810 C","842762132936773259","Mr. Chet Walsh","Hintz","male","1983-12-07","hildegard66@herman.com","266867554","986248484","Apt. 005","Vita Crossing","West Jarvisside","BC0 0AB","Virginia","DB7910854","86","06","31","0.5752777"
"144","","","","","","","","","","","","","","","","","","","",""
"145","1817","3815","921874983653817216","Enid Borer","Wiegand","male","1992-08-30","vweisnat@vonrueden.com","769133639","356955711","Suite 243","Predovic Views","Lake Jes","DB6 6CA","Idaho","DB2268968","92","08","30",""
"146","2059","3815 C","898926967533314472","Letitia Moore","Wiegand","female","1992-08-30","vweissnat@vonrueden.com","769133639","356955711","Suite 243","Predovic Views","Lake Jess","DB6 6CA","Idaho","DB2268968","83","12","08","0.5752150"
"147","","","","","","","","","","","","","","","","","","","",""
"148","1817","3815","921874983653817216","Enid Borer","Wiegand","male","1992-08-30","vweisnat@vonrueden.com","769133639","356955711","Suite 243","Predovic Views","Lake Jes","DB6 6CA","Idaho","DB2268968","92","08","30",""
"149","2259","3815 C","898926967533314472","Letitia Moore","Wiegand","female","1992-08-30","vweissnat@vonrueden.com","769133639","356955711","Suite 243","Predovic Views","Lake Jess","DB6 6CA","Idaho","DB2268968","83","12","08","0.5752150"
"150","","","","","","","","","","","","","","","","","","","",""
"151","1071","1039","829869469791417856","Stephen Lueilwitz","Auer","male","1991-07-09","alejandrin79@runolfsdotir.info","251368589","","Suite 605","Jonpaul Fords","Mayefurt","DB5 2AB","Oregon","AD4567140","91","07","09",""
"152","2181","1039 C","497791414488844417","Concepcion Dickens MD","Auer","female","1991-07-09","alejandrin79@runolfsdottir.info","251368589","","Suite 605","Johnpaul Fords","Mayefurt","DB5 2AB","Oregon","AD4567140","78","05","15","0.5006586"
"153","","","","","","","","","","","","","","","","","","","",""
"154","1071","1039","829869469791417856","Stephen Lueilwitz","Auer","male","1991-07-09","alejandrin79@runolfsdotir.info","251368589","","Suite 605","Jonpaul Fords","Mayefurt","DB5 2AB","Oregon","AD4567140","91","07","09",""
"155","2381","1039 C","497791414488844417","Concepcion Dickens MD","Auer","female","1991-07-09","alejandrin79@runolfsdottir.info","251368589","","Suite 605","Johnpaul Fords","Mayefurt","DB5 2AB","Oregon","AD4567140","78","05","15","0.5006586"
"156","","","","","","","","","","","","","","","","","","","",""
